raceId,circuitId,fp1_median_time,fp2_median_time,fp3_median_time,quali_time,track_temp,air_temp,humidity
1010.0,1,96446.5,93828.0,99836.0,100063.0,25.0,20.0,50.0
1010.0,1,89390.5,89151.0,105145.0,96097.5,25.0,20.0,50.0
1010.0,1,105131.0,92509.5,105359.0,106346.0,25.0,20.0,50.0
1010.0,1,100432.5,89444.0,116029.0,104584.0,25.0,20.0,50.0
1010.0,1,89296.5,89730.5,103156.0,105091.0,25.0,20.0,50.0
1010.0,1,107159.0,89133.5,115971.5,100281.0,25.0,20.0,50.0
1010.0,1,92372.0,89922.0,102605.5,93245.0,25.0,20.0,50.0
1010.0,1,96423.5,89877.0,120907.0,98900.5,25.0,20.0,50.0
1010.0,1,94814.5,90511.0,110029.0,94858.0,25.0,20.0,50.0
1010.0,1,89977.5,89520.0,114366.0,95442.0,25.0,20.0,50.0
1010.0,1,97238.5,89378.0,105208.0,113916.0,25.0,20.0,50.0
1010.0,1,97738.5,86829.0,88901.0,96982.5,25.0,20.0,50.0
1010.0,1,91526.0,92506.0,110887.0,95413.0,25.0,20.0,50.0
1010.0,1,91232.5,89433.0,109741.5,92738.0,25.0,20.0,50.0
1010.0,1,90670.0,89437.5,107109.0,96532.0,25.0,20.0,50.0
1010.0,1,92858.0,89314.0,108936.0,114059.0,25.0,20.0,50.0
1010.0,1,103190.0,89331.5,115748.0,95563.0,25.0,20.0,50.0
1010.0,1,91451.0,90542.5,110955.5,97739.0,25.0,20.0,50.0
1010.0,1,90992.0,92060.0,100683.0,95920.5,25.0,20.0,50.0
1010.0,1,97236.5,90154.0,116616.0,100067.5,25.0,20.0,50.0
990.0,3,97259.0,96369.0,93572.0,98333.5,25.0,20.0,50.0
990.0,3,105177.0,96399.5,109524.0,102304.5,25.0,20.0,50.0
990.0,3,95660.0,96163.0,105167.0,98136.5,25.0,20.0,50.0
990.0,3,100151.0,96166.0,114151.0,101274.0,25.0,20.0,50.0
990.0,3,97304.0,97108.5,115915.0,120769.0,25.0,20.0,50.0
990.0,3,99200.5,97406.0,107045.5,100346.0,25.0,20.0,50.0
990.0,3,97369.0,97512.0,113957.5,98440.0,25.0,20.0,50.0
990.0,3,97095.5,96396.0,95559.0,103387.0,25.0,20.0,50.0
990.0,3,97293.0,96963.0,105847.0,97409.0,25.0,20.0,50.0
990.0,3,108068.5,97721.0,106947.0,91976.0,25.0,20.0,50.0
990.0,3,95835.0,97085.0,111405.0,102549.0,25.0,20.0,50.0
990.0,3,101483.5,97130.0,101280.5,102099.5,25.0,20.0,50.0
990.0,3,95687.0,96985.5,108854.0,97495.5,25.0,20.0,50.0
990.0,3,110875.5,97663.0,113848.5,102916.5,25.0,20.0,50.0
990.0,3,111292.0,96683.0,94200.0,99580.0,25.0,20.0,50.0
990.0,3,104619.0,97167.0,94499.0,92773.0,25.0,20.0,50.0
990.0,3,98702.0,97720.5,109750.5,100393.0,25.0,20.0,50.0
990.0,3,98167.5,98024.0,115612.0,101424.0,25.0,20.0,50.0
1011.0,3,97523.0,96140.0,102646.0,108162.0,25.0,20.0,50.0
1011.0,3,98655.0,101476.0,96063.0,98923.5,25.0,20.0,50.0
1011.0,3,98516.0,97934.5,104640.0,96700.0,25.0,20.0,50.0
1011.0,3,98286.5,95723.0,104750.0,112157.0,25.0,20.0,50.0
1011.0,3,97966.0,97108.0,107124.0,105547.0,25.0,20.0,50.0
1011.0,3,113736.0,95956.0,123282.0,100611.0,25.0,20.0,50.0
1011.0,3,95530.0,96595.0,124644.0,100215.5,25.0,20.0,50.0
1011.0,3,100417.0,96781.0,98184.0,101237.0,25.0,20.0,50.0
1011.0,3,102665.0,95963.0,121487.0,104538.0,25.0,20.0,50.0
1011.0,3,98137.0,96458.0,106680.0,100796.5,25.0,20.0,50.0
1011.0,3,106228.5,95961.0,105467.0,98451.5,25.0,20.0,50.0
1011.0,3,99324.0,95473.0,107736.0,89579.0,25.0,20.0,50.0
1011.0,3,98180.0,96883.5,109521.0,98837.0,25.0,20.0,50.0
1011.0,3,101701.0,97066.0,113075.0,99822.5,25.0,20.0,50.0
1011.0,3,100754.0,106265.0,96285.5,100662.5,25.0,20.0,50.0
1011.0,3,95422.0,96243.5,112769.0,96962.0,25.0,20.0,50.0
1011.0,3,96985.0,95953.0,107238.5,96107.0,25.0,20.0,50.0
1011.0,3,98239.0,97953.5,111331.0,101202.5,25.0,20.0,50.0
1011.0,3,98628.0,97878.0,113463.0,99984.0,25.0,20.0,50.0
1011.0,3,112912.5,96106.0,103610.0,96269.5,25.0,20.0,50.0
1045.0,3,93372.5,97598.5,90545.5,100228.0,25.0,20.0,50.0
1045.0,3,98560.0807522124,97261.0,103701.5,98782.0,25.0,20.0,50.0
1045.0,3,99912.5,97779.0,114579.0,101897.5,25.0,20.0,50.0
1045.0,3,96452.0,96348.0,105353.0,95985.0,25.0,20.0,50.0
1045.0,3,95876.5,96899.0,131431.5,89872.0,25.0,20.0,50.0
1045.0,3,94028.0,96946.0,104246.0,98020.0,25.0,20.0,50.0
1045.0,3,97759.5,97763.5,91842.0,103074.5,25.0,20.0,50.0
1045.0,3,96003.0,97130.0,115037.0,89774.0,25.0,20.0,50.0
1045.0,3,100655.5,95950.0,105107.5,92866.0,25.0,20.0,50.0
1045.0,3,96833.5,96665.5,94646.5,103136.5,25.0,20.0,50.0
1045.0,3,109395.0,96382.0,121445.0,89203.0,25.0,20.0,50.0
1045.0,3,95232.0,97473.5,107461.0,98434.0,25.0,20.0,50.0
1045.0,3,96142.0,96216.0,115845.0,89008.0,25.0,20.0,50.0
1045.0,3,107503.0,98400.5,108508.0,99685.0,25.0,20.0,50.0
1045.0,3,100538.0,97031.0,93470.5,103082.0,25.0,20.0,50.0
1045.0,3,98560.0807522124,97954.0,95632.0,97452.0,25.0,20.0,50.0
1045.0,3,99032.0,123206.0,108609.0,99417.0,25.0,20.0,50.0
1045.0,3,98212.0,97230.5,95195.0,103404.5,25.0,20.0,50.0
1052.0,3,93168.5,98669.0,94889.0,96414.5,25.0,20.0,50.0
1052.0,3,97876.0,99432.0,109606.0,91817.0,25.0,20.0,50.0
1052.0,3,95335.0,104707.0,101773.5,101496.5,25.0,20.0,50.0
1052.0,3,100852.0,99581.0,111687.0,103897.0,25.0,20.0,50.0
1052.0,3,109434.0,98226.5,120359.0,115279.0,25.0,20.0,50.0
1052.0,3,99949.5,98618.0,108827.0,91653.0,25.0,20.0,50.0
1052.0,3,96499.0,99620.0,99948.0,111117.0,25.0,20.0,50.0
1052.0,3,99042.5,98020.0,110136.5,98186.5,25.0,20.0,50.0
1052.0,3,117164.0,98555.0,115409.5,91653.0,25.0,20.0,50.0
1052.0,3,98114.0,99845.0,118710.0,102507.5,25.0,20.0,50.0
1052.0,3,100537.0,98987.5,112669.0,92047.0,25.0,20.0,50.0
1052.0,3,95679.0,99330.0,108682.0,101076.5,25.0,20.0,50.0
1052.0,3,97666.0,98635.0,99202.5,91143.0,25.0,20.0,50.0
1052.0,3,121031.0,99216.0,120023.0,91682.0,25.0,20.0,50.0
1052.0,3,100406.0,98786.5,122618.0,91754.0,25.0,20.0,50.0
1052.0,3,100226.0,99240.0,120577.0,97823.0,25.0,20.0,50.0
1052.0,3,101228.5,99869.0,115316.0,98204.0,25.0,20.0,50.0
1052.0,3,117191.0,98982.0,133716.0,101944.0,25.0,20.0,50.0
1052.0,3,96647.0,100956.0,100837.0,100538.0,25.0,20.0,50.0
993.0,4,87601.0,83188.0,94654.0,87907.0,25.0,20.0,50.0
993.0,4,89632.0,88776.5,95084.0,89438.0,25.0,20.0,50.0
993.0,4,87888.0,95411.0,91715.0,86326.0,25.0,20.0,50.0
993.0,4,85344.0,83229.0,98496.0,77806.0,25.0,20.0,50.0
993.0,4,86038.0,88729.0,102458.0,95216.0,25.0,20.0,50.0
993.0,4,95487.5,84878.5,90135.0,78936.0,25.0,20.0,50.0
993.0,4,87725.0,82935.0,96792.0,95825.0,25.0,20.0,50.0
993.0,4,85117.5,84905.0,90347.5,87937.5,25.0,20.0,50.0
993.0,4,101422.0,86643.0,100202.0,102454.0,25.0,20.0,50.0
993.0,4,88857.5,82806.0,98110.0,86421.0,25.0,20.0,50.0
993.0,4,86096.0,89090.0,81249.0,89157.0,25.0,20.0,50.0
993.0,4,83012.0,85816.0,98093.0,87175.0,25.0,20.0,50.0
993.0,4,84153.5,84694.0,88666.0,90255.0,25.0,20.0,50.0
993.0,4,92969.0,86990.5,98750.0,87415.0,25.0,20.0,50.0
993.0,4,86583.0,85432.0,91771.0,88764.0824579832,25.0,20.0,50.0
993.0,4,90690.5,83993.0,91464.0,96632.0,25.0,20.0,50.0
993.0,4,88929.15057712486,89441.5,81671.0,80367.0,25.0,20.0,50.0
1014.0,4,82754.0,83264.0,93233.0,86857.0,25.0,20.0,50.0
1014.0,4,86803.0,84326.0,100961.0,96096.0,25.0,20.0,50.0
1014.0,4,85751.5,93497.5,86038.5,86735.0,25.0,20.0,50.0
1014.0,4,92968.0,83157.0,102477.0,94816.0,25.0,20.0,50.0
1014.0,4,85081.0,84031.0,90482.0,92994.0,25.0,20.0,50.0
1014.0,4,98416.5,84008.0,93739.0,89864.5,25.0,20.0,50.0
1014.0,4,84418.0,84180.0,96524.0,78669.0,25.0,20.0,50.0
1014.0,4,91705.0,83484.0,89763.0,86552.5,25.0,20.0,50.0
1014.0,4,83459.0,82796.0,105295.0,77175.0,25.0,20.0,50.0
1014.0,4,83719.0,83998.0,87549.0,77669.0,25.0,20.0,50.0
1014.0,4,86283.5,83417.5,91425.0,78469.0,25.0,20.0,50.0
1014.0,4,94929.0,83125.0,86423.5,77244.0,25.0,20.0,50.0
1014.0,4,85525.5,83487.0,80297.0,88572.0,25.0,20.0,50.0
1014.0,4,84770.0,84288.0,84512.0,83432.0,25.0,20.0,50.0
1014.0,4,88425.0,84841.0,88887.5,94682.0,25.0,20.0,50.0
1014.0,4,84643.0,83927.0,99222.0,77865.0,25.0,20.0,50.0
1014.0,4,86531.0,83310.0,94545.0,84299.0,25.0,20.0,50.0
1014.0,4,86052.5,83997.0,79824.0,85582.5,25.0,20.0,50.0
1014.0,4,85232.0,85633.0,88605.0,95060.5,25.0,20.0,50.0
1014.0,4,96864.5,83558.5,89264.5,85003.5,25.0,20.0,50.0
1036.0,4,83526.5,83196.5,78324.0,77037.0,25.0,20.0,50.0
1036.0,4,102629.0,84434.5,88475.5,89473.5,25.0,20.0,50.0
1036.0,4,85097.0,84533.0,96578.0,86405.5,25.0,20.0,50.0
1036.0,4,84318.0,84481.5,89626.0,87608.0,25.0,20.0,50.0
1036.0,4,83388.0,83934.0,113423.0,77117.0,25.0,20.0,50.0
1036.0,4,84327.0,83993.0,101751.5,88427.5,25.0,20.0,50.0
1036.0,4,82974.0,83523.0,100772.0,77413.0,25.0,20.0,50.0
1036.0,4,84317.5,84443.0,105276.0,87521.0,25.0,20.0,50.0
1036.0,4,83997.0,84163.0,103951.0,86751.0,25.0,20.0,50.0
1036.0,4,83490.0,83067.5,88730.0,77415.0,25.0,20.0,50.0
1036.0,4,84316.0,84473.5,96689.0,84821.5,25.0,20.0,50.0
1036.0,4,84313.0,84701.0,101437.0,87906.0,25.0,20.0,50.0
1036.0,4,83582.0,84314.5,110610.0,77316.0,25.0,20.0,50.0
1036.0,4,99911.5,85102.5,109202.5,90169.5,25.0,20.0,50.0
1036.0,4,84055.0,83984.0,97954.0,77819.0,25.0,20.0,50.0
1036.0,4,96148.0,85614.5,101581.0,77540.0,25.0,20.0,50.0
1036.0,4,84648.0,84508.5,88891.0,77888.0,25.0,20.0,50.0
1036.0,4,86731.48552522746,86439.0,108434.0,87178.5,25.0,20.0,50.0
1036.0,4,83700.0,84185.5,106766.5,77785.0,25.0,20.0,50.0
1036.0,4,93293.0,85446.0,117900.0,94146.5,25.0,20.0,50.0
1055.0,4,87336.0,83920.0,89339.0,85931.0,25.0,20.0,50.0
1055.0,4,82456.0,84291.0,87975.0,86263.5,25.0,20.0,50.0
1055.0,4,87889.50224014337,85761.0,93910.0,91983.5,25.0,20.0,50.0
1055.0,4,84287.0,84724.0,102265.5,88438.0,25.0,20.0,50.0
1055.0,4,97513.5,84602.5,108942.0,96880.0,25.0,20.0,50.0
1055.0,4,87622.5,86747.0,96049.0,87780.0,25.0,20.0,50.0
1055.0,4,84887.5,83416.0,113054.5,88221.0,25.0,20.0,50.0
1055.0,4,90023.0,85170.0,103162.0,86495.0,25.0,20.0,50.0
1055.0,4,91579.0,84356.0,91105.0,78205.0,25.0,20.0,50.0
1055.0,4,83924.0,84210.5,98359.0,78281.0,25.0,20.0,50.0
1055.0,4,85016.0,84648.5,99259.0,87962.0,25.0,20.0,50.0
1055.0,4,90401.5,84892.5,94885.0,87162.0,25.0,20.0,50.0
1055.0,4,84522.0,84110.0,110478.0,86832.0,25.0,20.0,50.0
1055.0,4,83231.5,83971.5,87858.0,78421.0,25.0,20.0,50.0
1055.0,4,96113.0,84041.0,101955.0,88145.5,25.0,20.0,50.0
1055.0,4,87889.50224014337,85168.5,110264.0,95607.0,25.0,20.0,50.0
1055.0,4,85964.0,85501.0,123735.0,90622.0,25.0,20.0,50.0
1055.0,4,84634.5,84672.0,109907.0,103058.0,25.0,20.0,50.0
1055.0,4,92342.0,88132.5,92357.5,87506.5,25.0,20.0,50.0
1055.0,4,87153.5,85857.0,100152.0,85111.0,25.0,20.0,50.0
1044.0,5,106097.5,96208.5,122458.21529284165,119153.0,25.0,20.0,50.0
1044.0,5,112546.0,98420.0,135800.5,118722.0,25.0,20.0,50.0
1044.0,5,105773.0,95503.0,120466.0,123332.0,25.0,20.0,50.0
1044.0,5,104194.0,96088.0,116748.0,118434.5,25.0,20.0,50.0
1044.0,5,110373.0,98209.0,122353.0,117430.5,25.0,20.0,50.0
1044.0,5,103925.0,95621.0,117407.5,124067.0,25.0,20.0,50.0
1044.0,5,108787.0,98311.5,119338.0,134496.0,25.0,20.0,50.0
1044.0,5,103066.0,96697.0,138179.0,138922.0,25.0,20.0,50.0
1044.0,5,102753.0,94062.5,110990.0,116375.0,25.0,20.0,50.0
1044.0,5,113554.0,97019.0,132983.0,127489.0,25.0,20.0,50.0
1044.0,5,104012.0,99874.0,120114.0,120006.0,25.0,20.0,50.0
1044.0,5,105145.0,97408.0,118477.0,117183.5,25.0,20.0,50.0
1044.0,5,102027.5,96892.0,130618.0,127584.0,25.0,20.0,50.0
1044.0,5,103297.0,94917.0,112395.0,123978.5,25.0,20.0,50.0
1044.0,5,105034.0,96582.0,124328.5,125739.0,25.0,20.0,50.0
1044.0,5,119464.5,97625.0,122458.21529284165,133893.0,25.0,20.0,50.0
1044.0,5,108912.0,95305.0,110650.0,116487.0,25.0,20.0,50.0
1067.0,5,88563.0,87922.0,103818.0,91382.0,25.0,20.0,50.0
1067.0,5,89638.0,89973.0,121197.0,89589.0,25.0,20.0,50.0
1067.0,5,106306.0,89265.0,110846.0,101551.0,25.0,20.0,50.0
1067.0,5,90012.0,89082.5,108313.5,96146.0,25.0,20.0,50.0
1067.0,5,89510.0,88923.0,101429.0,93772.0,25.0,20.0,50.0
1067.0,5,89869.0,89303.0,103936.5,101895.5,25.0,20.0,50.0
1067.0,5,91266.5,88369.5,94376.0,94247.5,25.0,20.0,50.0
1067.0,5,90689.0,88480.0,114625.0,96384.0,25.0,20.0,50.0
1067.0,5,94016.0,88877.0,102121.0,101760.0,25.0,20.0,50.0
1067.0,5,90531.0,88895.0,110731.0,101615.0,25.0,20.0,50.0
1067.0,5,90675.0,89395.0,109510.5,97759.5,25.0,20.0,50.0
1067.0,5,107309.0,90391.5,111877.0,88837.0,25.0,20.0,50.0
1067.0,5,89869.0,89249.5,111425.0,89499.0,25.0,20.0,50.0
1067.0,5,93939.0,89062.0,102656.5,89243.5,25.0,20.0,50.0
1067.0,5,91044.0,89028.0,98962.5,91821.0,25.0,20.0,50.0
1067.0,5,89478.0,89317.5,107103.59082568808,91180.5,25.0,20.0,50.0
1067.0,5,89721.5,89704.0,109787.5,93487.0,25.0,20.0,50.0
1067.0,5,98148.0,91221.0,110318.5,99938.0,25.0,20.0,50.0
1067.0,5,92497.5,90246.0,101257.5,98898.0,25.0,20.0,50.0
1067.0,5,91537.5,90712.0,108134.5,96196.5,25.0,20.0,50.0
994.0,6,80512.5,80878.0,88319.0,84700.0,25.0,20.0,50.0
994.0,6,81599.0,78310.5,87277.0,89855.5,25.0,20.0,50.0
994.0,6,81356.0,80628.0,87994.5,84656.0,25.0,20.0,50.0
994.0,6,78680.5,76579.0,85550.5,86637.5,25.0,20.0,50.0
994.0,6,78858.0,79683.5,83642.0,91635.0,25.0,20.0,50.0
994.0,6,83873.0,80648.5,89492.0,88576.0,25.0,20.0,50.0
994.0,6,79534.0,78130.5,95983.0,92350.0,25.0,20.0,50.0
994.0,6,83973.5,77242.0,80835.0,79279.5,25.0,20.0,50.0
994.0,6,83177.0,77202.5,88798.0,87873.0,25.0,20.0,50.0
994.0,6,81862.0,77404.0,84326.5,80317.5,25.0,20.0,50.0
994.0,6,78864.0,77196.0,82198.5,100186.0,25.0,20.0,50.0
994.0,6,83637.0,76723.0,85127.0,88544.38466898954,25.0,20.0,50.0
994.0,6,83328.5,78511.0,89402.5,87008.0,25.0,20.0,50.0
994.0,6,84317.0,80732.0,88984.0,94329.0,25.0,20.0,50.0
994.0,6,79046.0,77941.0,92032.0,88192.0,25.0,20.0,50.0
994.0,6,80638.0,81214.0,84307.0,94560.5,25.0,20.0,50.0
994.0,6,81854.0,78379.0,83488.0,82948.0,25.0,20.0,50.0
994.0,6,80480.0,78638.5,84366.0,87148.0,25.0,20.0,50.0
994.0,6,77694.0,78216.0,88016.0,91724.0,25.0,20.0,50.0
994.0,6,79047.0,78859.0,94755.0,91291.0,25.0,20.0,50.0
1015.0,6,80607.0,81888.0,85475.5,80394.0,25.0,20.0,50.0
1015.0,6,78001.0,77438.5,85601.0,88644.0,25.0,20.0,50.0
1015.0,6,82926.0,79208.0,88005.5,86707.5,25.0,20.0,50.0
1015.0,6,78943.0,78482.0,83194.5,78778.0,25.0,20.0,50.0
1015.0,6,78822.5,77491.0,83129.0,86960.0,25.0,20.0,50.0
1015.0,6,78830.5,78348.0,86803.0,82197.0,25.0,20.0,50.0
1015.0,6,78383.5,79741.0,92148.0,87078.0,25.0,20.0,50.0
1015.0,6,78015.5,77714.5,82212.5,79675.5,25.0,20.0,50.0
1015.0,6,80225.0,82293.5,83165.5,80904.0,25.0,20.0,50.0
1015.0,6,82136.0,77648.0,85660.0,85475.0,25.0,20.0,50.0
1015.0,6,81558.0,79150.5,78533.5,78475.0,25.0,20.0,50.0
1015.0,6,81752.5,81845.0,87211.0,77844.5,25.0,20.0,50.0
1015.0,6,101705.5,78091.5,84959.0,79094.0,25.0,20.0,50.0
1015.0,6,79908.0,79412.5,90404.0,87563.0,25.0,20.0,50.0
1015.0,6,77329.0,77111.0,92502.5,84904.0,25.0,20.0,50.0
1015.0,6,77683.0,77464.5,88406.0,81994.0,25.0,20.0,50.0
1015.0,6,76963.0,78266.0,84350.0,84871.0,25.0,20.0,50.0
1015.0,6,78861.5,78872.0,83691.0,81144.5,25.0,20.0,50.0
1015.0,6,79772.0,78992.0,86953.0,84190.0,25.0,20.0,50.0
1015.0,6,78026.0,77174.0,82669.0,83606.0,25.0,20.0,50.0
1056.0,6,82408.5,84485.0,81118.0,80617.0,25.0,20.0,50.0
1056.0,6,80135.0,84128.5,83365.0,89851.5,25.0,20.0,50.0
1056.0,6,80507.0,80281.5,82762.0,87609.0,25.0,20.0,50.0
1056.0,6,80798.0,84035.0,83136.0,79760.0,25.0,20.0,50.0
1056.0,6,85286.5,83778.0,86654.5,81404.0,25.0,20.0,50.0
1056.0,6,79361.0,85398.0,80254.5,88889.0,25.0,20.0,50.0
1056.0,6,81051.0,76066.0,81119.5,82022.0,25.0,20.0,50.0
1056.0,6,81462.0,83536.5,87565.0,81778.5,25.0,20.0,50.0
1056.0,6,83493.0,84449.0,80220.0,89360.0,25.0,20.0,50.0
1056.0,6,78273.5,78622.0,85514.5,80962.5,25.0,20.0,50.0
1056.0,6,80354.5,86178.0,89842.0,87371.5,25.0,20.0,50.0
1056.0,6,79920.5,77024.0,81007.0,89887.5,25.0,20.0,50.0
1056.0,6,79801.0,82942.0,83706.0,84752.0,25.0,20.0,50.0
1056.0,6,77713.0,81440.0,88172.0,76148.0,25.0,20.0,50.0
1056.0,6,81077.0,82659.0,79533.0,77580.0,25.0,20.0,50.0
1056.0,6,83117.0,79237.5,76134.0,90019.0,25.0,20.0,50.0
1056.0,6,78317.0,82869.5,83001.0,91870.0,25.0,20.0,50.0
1056.0,6,80263.5,83758.0,84900.0,82524.5,25.0,20.0,50.0
1056.0,6,80905.0,81101.5,86416.0,84658.9549516009,25.0,20.0,50.0
995.0,7,77671.0,77360.0,79697.5,83012.0,25.0,20.0,50.0
995.0,7,84565.5,78449.0,80534.5,80409.0,25.0,20.0,50.0
995.0,7,78975.0,78086.0,82132.0,84910.0,25.0,20.0,50.0
995.0,7,77929.0,84384.0,78673.0,81281.0,25.0,20.0,50.0
995.0,7,78716.0,79573.0,79847.0,83451.43721973094,25.0,20.0,50.0
995.0,7,122840.0,77781.0,89795.5,79912.5,25.0,20.0,50.0
995.0,7,83247.42825112108,77753.5,89789.5,91172.0,25.0,20.0,50.0
995.0,7,78257.0,81150.0,78418.0,89852.0,25.0,20.0,50.0
995.0,7,77058.0,77535.0,75936.0,81631.0,25.0,20.0,50.0
995.0,7,81840.0,78386.0,85658.0,82570.5,25.0,20.0,50.0
995.0,7,88625.0,78531.0,88775.0,90536.0,25.0,20.0,50.0
995.0,7,80882.0,76942.0,91643.0,86388.0,25.0,20.0,50.0
995.0,7,82198.0,81710.0,75995.0,79907.5,25.0,20.0,50.0
995.0,7,84379.0,89108.0,77736.5,79739.5,25.0,20.0,50.0
995.0,7,78198.0,77948.0,83772.5,80108.0,25.0,20.0,50.0
995.0,7,83857.5,78828.5,89901.0,82176.0,25.0,20.0,50.0
995.0,7,81489.0,77927.5,84923.0,84057.0,25.0,20.0,50.0
995.0,7,78715.5,79282.5,85784.0,79685.5,25.0,20.0,50.0
1016.0,7,79499.5,88699.0,87043.0,82157.0,25.0,20.0,50.0
1016.0,7,81184.0,79470.0,84150.0,80971.0,25.0,20.0,50.0
1016.0,7,82436.84714400643,81744.5,88627.0,82319.0,25.0,20.0,50.0
1016.0,7,86233.0,79335.0,89114.0,82849.5,25.0,20.0,50.0
1016.0,7,79582.0,80062.5,83481.0,88910.0,25.0,20.0,50.0
1016.0,7,81424.5,77672.0,83411.0,87587.0,25.0,20.0,50.0
1016.0,7,78651.0,79277.0,98389.0,83180.0,25.0,20.0,50.0
1016.0,7,78489.0,78546.0,93304.0,84453.5,25.0,20.0,50.0
1016.0,7,85458.0,77774.0,88972.0,87926.0,25.0,20.0,50.0
1016.0,7,80650.5,79584.5,91853.5,92093.0,25.0,20.0,50.0
1016.0,7,82902.5,78644.0,91477.0,91637.0,25.0,20.0,50.0
1016.0,7,78018.0,80017.5,87219.0,82268.0,25.0,20.0,50.0
1016.0,7,79590.0,78537.0,86244.0,82856.0,25.0,20.0,50.0
1016.0,7,79793.0,78746.0,88717.92062852539,81468.5,25.0,20.0,50.0
1016.0,7,85566.0,79323.0,83340.5,86037.0,25.0,20.0,50.0
1016.0,7,88622.0,79674.0,82094.0,76056.5,25.0,20.0,50.0
1016.0,7,90924.5,77928.5,92519.0,82006.0,25.0,20.0,50.0
1016.0,7,82120.0,78424.0,84207.5,84893.0,25.0,20.0,50.0
1016.0,7,81931.0,79687.0,94006.0,81919.0,25.0,20.0,50.0
1016.0,7,85707.0,80454.0,92910.0,86598.5,25.0,20.0,50.0
998.0,9,110585.5,93578.0,122447.5,99426.0,25.0,20.0,50.0
998.0,9,111636.5,94863.0,102149.0,98645.0,25.0,20.0,50.0
998.0,9,99462.0,93939.0,104253.5,97193.0,25.0,20.0,50.0
998.0,9,97076.0,93554.0,110351.0,99679.0,25.0,20.0,50.0
998.0,9,99230.5,95373.51288343559,94012.0,88805.0,25.0,20.0,50.0
998.0,9,112123.5,94116.0,104698.0,88544.0,25.0,20.0,50.0
998.0,9,126034.0,94446.5,98344.0,99456.5,25.0,20.0,50.0
998.0,9,93811.0,93840.0,93894.5,94116.5,25.0,20.0,50.0
998.0,9,99668.0,93890.0,112947.0,98026.5,25.0,20.0,50.0
998.0,9,97919.0,94733.0,118684.0,100686.0,25.0,20.0,50.0
998.0,9,117806.0,95327.0,98508.0,95320.5,25.0,20.0,50.0
998.0,9,98418.0,95373.51288343559,93674.5,96317.5,25.0,20.0,50.0
998.0,9,94204.0,94443.0,110999.5,100116.0,25.0,20.0,50.0
998.0,9,102194.0,95245.0,111623.0,96505.5,25.0,20.0,50.0
998.0,9,102461.0,94812.5,116280.0,94081.5,25.0,20.0,50.0
998.0,9,118392.0,95593.0,107836.0,97781.4124260355,25.0,20.0,50.0
998.0,9,107056.5,107793.0,90050.0,89657.0,25.0,20.0,50.0
998.0,9,111754.0,94611.0,111146.0,97677.0,25.0,20.0,50.0
998.0,9,118807.0,95782.0,91024.0,122666.0,25.0,20.0,50.0
1019.0,9,103420.0,92407.0,97719.5,93157.0,25.0,20.0,50.0
1019.0,9,95029.0,96336.0,99871.0,94090.0,25.0,20.0,50.0
1019.0,9,99040.5,96124.0,102800.0,96190.0,25.0,20.0,50.0
1019.0,9,107985.5,95030.0,103694.0,96154.0,25.0,20.0,50.0
1019.0,9,94806.0,95051.0,99849.5,90687.0,25.0,20.0,50.0
1019.0,9,97878.5,93487.0,103558.0,97185.0,25.0,20.0,50.0
1019.0,9,94175.0,93293.0,100914.0,92937.5,25.0,20.0,50.0
1019.0,9,99616.0,93120.0,103038.0,96988.0,25.0,20.0,50.0
1019.0,9,91170.0,91872.0,101924.0,91912.5,25.0,20.0,50.0
1019.0,9,94078.5,93002.0,100262.0,100043.0,25.0,20.0,50.0
1019.0,9,103632.0,93555.0,105205.0,93068.0,25.0,20.0,50.0
1019.0,9,107041.0,92230.0,101757.0,91783.5,25.0,20.0,50.0
1019.0,9,100489.0,93236.5,100271.0,89414.0,25.0,20.0,50.0
1019.0,9,94748.5,93906.0,101324.0,92033.0,25.0,20.0,50.0
1019.0,9,100917.0,94476.0,107698.5,94819.5,25.0,20.0,50.0
1019.0,9,109616.5,93469.0,101343.0,100443.0,25.0,20.0,50.0
1019.0,9,100924.0,93088.0,108636.0,92873.5,25.0,20.0,50.0
1019.0,9,106135.0,93412.0,106648.0,95404.0,25.0,20.0,50.0
1019.0,9,99855.5,105187.0,99955.0,91984.0,25.0,20.0,50.0
1019.0,9,106506.5,93549.0,99190.0,94082.5,25.0,20.0,50.0
1034.0,9,92468.0,92800.5,116326.0,94032.0,25.0,20.0,50.0
1034.0,9,101061.0,94022.0,108476.0,95184.0,25.0,20.0,50.0
1034.0,9,97828.0,100151.0,101907.0,87023.0,25.0,20.0,50.0
1034.0,9,94654.0,94615.5,90868.0,93786.5,25.0,20.0,50.0
1034.0,9,93628.5,93820.0,106935.5,92582.5,25.0,20.0,50.0
1034.0,9,92509.0,92360.5,109151.0,86510.0,25.0,20.0,50.0
1034.0,9,92734.0,93590.0,102695.0,94471.5,25.0,20.0,50.0
1034.0,9,93037.5,92224.0,107048.5,88393.0,25.0,20.0,50.0
1034.0,9,99761.0,93550.0,92201.0,87074.0,25.0,20.0,50.0
1034.0,9,93016.5,93143.0,102075.0,87161.0,25.0,20.0,50.0
1034.0,9,93335.0,93941.5,118863.5,86924.0,25.0,20.0,50.0
1034.0,9,107300.0,93807.0,119327.0,92782.0,25.0,20.0,50.0
1034.0,9,93049.5,94063.0,93613.0,96480.5,25.0,20.0,50.0
1034.0,9,94814.5,93958.0,103181.0,89360.5,25.0,20.0,50.0
1034.0,9,99702.5,100254.0,92498.0,99154.0,25.0,20.0,50.0
1034.0,9,93834.0,93962.0,111418.0,87566.0,25.0,20.0,50.0
1034.0,9,109394.0,111877.0,102359.0,86643.0,25.0,20.0,50.0
1034.0,9,103798.5,94788.0,115493.0,110137.0,25.0,20.0,50.0
1035.0,9,90226.5,91676.0,91886.0,88640.0,25.0,20.0,50.0
1035.0,9,109499.0,94094.0,97469.0,102024.5,25.0,20.0,50.0
1035.0,9,115471.5,93093.0,107097.0,88287.0,25.0,20.0,50.0
1035.0,9,92310.0,93503.0,119212.5,94362.0,25.0,20.0,50.0
1035.0,9,93314.0,92466.0,116361.0,93226.5,25.0,20.0,50.0
1035.0,9,94482.0,92648.0,107630.0,96951.0,25.0,20.0,50.0
1035.0,9,106496.0,93087.0,116514.5,87400.0,25.0,20.0,50.0
1035.0,9,91694.0,93868.5,116077.0,95433.0,25.0,20.0,50.0
1035.0,9,94839.0,93785.5,109152.5,97697.0,25.0,20.0,50.0
1035.0,9,93446.5,94996.5,96074.0,87154.0,25.0,20.0,50.0
1035.0,9,95267.0,93883.0,93698.0,98153.0,25.0,20.0,50.0
1035.0,9,94678.0,93220.5,122324.5,93897.0,25.0,20.0,50.0
1035.0,9,92734.0,93214.0,116508.0,88240.0,25.0,20.0,50.0
1035.0,9,102258.71047227926,93443.0,114026.5,98682.0,25.0,20.0,50.0
1035.0,9,94491.0,93916.0,117637.0,87590.0,25.0,20.0,50.0
1035.0,9,119326.0,93143.0,114691.0,87737.0,25.0,20.0,50.0
1035.0,9,93986.0,94689.0,93789.0,88003.0,25.0,20.0,50.0
1035.0,9,117296.0,93109.0,126941.0,106011.5,25.0,20.0,50.0
1035.0,9,124881.0,93647.0,122034.0,88482.0,25.0,20.0,50.0
1035.0,9,127217.0,93210.5,124016.0,103976.5,25.0,20.0,50.0
999.0,10,79044.0,79118.5,103664.0,92984.5,25.0,20.0,50.0
999.0,10,91308.0,83416.0,102914.8291015625,84073.5,25.0,20.0,50.0
999.0,10,79238.5,79016.0,101565.0,82926.5,25.0,20.0,50.0
999.0,10,81812.0,78322.0,99763.0,81363.0,25.0,20.0,50.0
999.0,10,78432.0,80090.0,104181.0,87922.0,25.0,20.0,50.0
999.0,10,79792.0,79928.5,99259.0,73676.5,25.0,20.0,50.0
999.0,10,79357.0,79605.0,102914.8291015625,91495.0,25.0,20.0,50.0
999.0,10,78759.0,78509.0,102914.8291015625,96472.0,25.0,20.0,50.0
999.0,10,78255.0,78729.0,103982.0,89076.0,25.0,20.0,50.0
999.0,10,78847.5,79930.0,104993.0,78834.0,25.0,20.0,50.0
999.0,10,80908.96594982079,80426.0,97188.0,84878.5,25.0,20.0,50.0
999.0,10,78047.5,87077.5,102914.8291015625,73440.0,25.0,20.0,50.0
999.0,10,87985.5,80030.0,120240.0,74511.0,25.0,20.0,50.0
999.0,10,85035.5,80747.0,104403.0,85486.5,25.0,20.0,50.0
999.0,10,80908.96594982079,80016.0,101154.0,85540.0,25.0,20.0,50.0
999.0,10,80881.0,80320.0,101088.0,88094.0,25.0,20.0,50.0
999.0,10,80584.5,80123.0,107098.0,97538.0,25.0,20.0,50.0
999.0,10,78927.5,79657.5,99961.0,75020.0,25.0,20.0,50.0
999.0,10,78225.0,79800.0,98051.0,75203.0,25.0,20.0,50.0
999.0,10,81057.0,80480.0,97644.0,90920.0,25.0,20.0,50.0
1020.0,10,80832.0,80099.0,76368.0,90693.0,25.0,20.0,50.0
1020.0,10,92238.5,81307.5,93377.0,95034.0,25.0,20.0,50.0
1020.0,10,86126.5,82051.0,78422.0,84017.5,25.0,20.0,50.0
1020.0,10,90477.0,84594.0,89802.0,85400.79090909091,25.0,20.0,50.0
1020.0,10,80912.0,81127.5,97163.5,73496.0,25.0,20.0,50.0
1020.0,10,92745.0,80902.5,77117.0,73281.0,25.0,20.0,50.0
1020.0,10,83755.0,80862.5,76866.0,85033.5,25.0,20.0,50.0
1020.0,10,82848.0,80004.5,77546.0,95148.0,25.0,20.0,50.0
1020.0,10,83203.0,81113.0,85024.5,91233.0,25.0,20.0,50.0
1020.0,10,80860.0,81329.0,83546.0,93792.0,25.0,20.0,50.0
1020.0,10,79927.5,80240.0,90887.5,85105.0,25.0,20.0,50.0
1020.0,10,84403.0,80877.0,94711.0,85112.0,25.0,20.0,50.0
1020.0,10,80237.0,81206.0,98830.0,81855.5,25.0,20.0,50.0
1020.0,10,86448.0,81410.0,95020.0,84537.0,25.0,20.0,50.0
1020.0,10,83888.5,91674.5,98185.0,73308.0,25.0,20.0,50.0
1020.0,10,89708.0,79619.0,89490.0,85553.0,25.0,20.0,50.0
1020.0,10,83439.0,85368.5,99759.0,88322.0,25.0,20.0,50.0
1020.0,10,81957.5,90557.0,78321.5,81723.0,25.0,20.0,50.0
1020.0,10,83040.0,80553.0,77966.0,87453.5,25.0,20.0,50.0
1000.0,11,90665.0,84937.0,113475.5,97564.0,25.0,20.0,50.0
1000.0,11,95301.0,84051.5,96444.0,96650.0,25.0,20.0,50.0
1000.0,11,87156.0,83039.0,97453.0,96774.0,25.0,20.0,50.0
1000.0,11,82686.5,82903.0,88507.0,97043.5,25.0,20.0,50.0
1000.0,11,96859.5,83536.0,91475.0,100836.0,25.0,20.0,50.0
1000.0,11,101009.0,83380.0,97931.0,99383.0,25.0,20.0,50.0
1000.0,11,84471.5,83500.5,94453.0,96459.5,25.0,20.0,50.0
1000.0,11,82258.5,82269.0,92974.0,96927.0,25.0,20.0,50.0
1000.0,11,97657.0,82865.0,105955.0,97059.0,25.0,20.0,50.0
1000.0,11,83688.0,83688.0,86970.5,100550.0,25.0,20.0,50.0
1000.0,11,105441.0,83890.5,107745.0,99564.5,25.0,20.0,50.0
1000.0,11,82375.0,82469.0,92928.0,92186.0,25.0,20.0,50.0
1000.0,11,86458.0,83367.0,97765.0,98443.0,25.0,20.0,50.0
1000.0,11,93624.5,83354.5,95902.0,97141.0,25.0,20.0,50.0
1000.0,11,84386.0,83634.5,98563.0,97008.0,25.0,20.0,50.0
1000.0,11,84832.0,83897.5,102184.5,98015.0,25.0,20.0,50.0
1000.0,11,99471.0,83475.0,102922.5,99236.0,25.0,20.0,50.0
1000.0,11,101557.0,84694.0,103840.5,98974.0,25.0,20.0,50.0
1000.0,11,92379.0,84681.0,101954.0,90856.0,25.0,20.0,50.0
1021.0,11,82176.0,92815.0,83221.5,93124.0,25.0,20.0,50.0
1021.0,11,91183.0,97782.5,83863.0,78735.0,25.0,20.0,50.0
1021.0,11,85029.0,100650.5,83167.0,85282.0,25.0,20.0,50.0
1021.0,11,92298.0,95831.0,91784.0,83190.5,25.0,20.0,50.0
1021.0,11,84019.0,95379.0,88105.5,84386.0,25.0,20.0,50.0
1021.0,11,84128.0,95082.0,85069.0,84038.0,25.0,20.0,50.0
1021.0,11,105062.5,91914.0,107552.0,85073.0,25.0,20.0,50.0
1021.0,11,83952.0,94564.0,82774.5,83911.5,25.0,20.0,50.0
1021.0,11,99455.0,92357.0,103593.0,94470.0,25.0,20.0,50.0
1021.0,11,83900.0,93835.0,90627.5,96649.0,25.0,20.0,50.0
1021.0,11,89505.0,96536.5,83596.5,85474.5,25.0,20.0,50.0
1021.0,11,92604.0,97347.5,85894.0,82050.5,25.0,20.0,50.0
1021.0,11,93788.5,96358.0,91706.5,77549.0,25.0,20.0,50.0
1021.0,11,84375.5,95608.5,95168.5,84307.0,25.0,20.0,50.0
1021.0,11,85737.0,96947.0,87357.0,84598.5,25.0,20.0,50.0
1021.0,11,85877.5,95653.0,91014.0,83291.0,25.0,20.0,50.0
1021.0,11,91311.0,94838.5,87395.5,82673.0,25.0,20.0,50.0
1021.0,11,83810.0,83500.5,90293.0,82548.0,25.0,20.0,50.0
1021.0,11,87317.5,99861.0,83130.5,82616.5,25.0,20.0,50.0
1021.0,11,92038.5,95078.64429790535,92099.5,87987.0,25.0,20.0,50.0
1033.0,11,84725.5,108368.85874704491,86920.0,82556.5,25.0,20.0,50.0
1033.0,11,84264.74497184232,108956.0,90848.0,92397.0,25.0,20.0,50.0
1033.0,11,88762.0,103090.0,85206.5,81905.0,25.0,20.0,50.0
1033.0,11,83098.0,109933.5,90836.0,89962.0,25.0,20.0,50.0
1033.0,11,83514.0,103862.0,101934.0,78558.0,25.0,20.0,50.0
1033.0,11,82516.5,108368.85874704491,84368.5,84216.5,25.0,20.0,50.0
1033.0,11,83616.0,113559.0,97785.0,83543.0,25.0,20.0,50.0
1033.0,11,82877.0,108368.85874704491,104758.0,84098.5,25.0,20.0,50.0
1033.0,11,82522.0,112045.0,91834.0,82980.5,25.0,20.0,50.0
1033.0,11,82956.5,107314.5,96531.5,83401.0,25.0,20.0,50.0
1033.0,11,88209.0,111215.5,86261.5,83712.0,25.0,20.0,50.0
1033.0,11,81694.0,108368.85874704491,93343.5,81684.0,25.0,20.0,50.0
1033.0,11,84219.0,106680.5,96408.5,76177.0,25.0,20.0,50.0
1033.0,11,87217.0,105495.0,96358.0,95600.0,25.0,20.0,50.0
1033.0,11,84264.74497184232,105327.5,91786.0,89558.0,25.0,20.0,50.0
1033.0,11,81226.0,106281.0,88462.0,76202.0,25.0,20.0,50.0
1033.0,11,88241.5,112620.0,90194.0,85586.0,25.0,20.0,50.0
1033.0,11,84260.0,108368.85874704491,93495.5,83870.5,25.0,20.0,50.0
1033.0,11,83600.0,108368.85874704491,102489.0,87133.5,25.0,20.0,50.0
1033.0,11,83499.0,108368.85874704491,100169.0,89662.5,25.0,20.0,50.0
1062.0,11,86746.5,89921.5,82532.0,85096.5,25.0,20.0,50.0
1062.0,11,85066.0,84476.0,89731.0,77014.5,25.0,20.0,50.0
1062.0,11,89262.27521929824,85644.0,97885.5,87873.0,25.0,20.0,50.0
1062.0,11,84681.0,84509.0,102396.0,77666.0,25.0,20.0,50.0
1062.0,11,84961.0,85097.5,89481.0,82328.0,25.0,20.0,50.0
1062.0,11,93866.5,86716.0,95804.5,76824.0,25.0,20.0,50.0
1062.0,11,85607.5,84895.0,104272.0,93698.5,25.0,20.0,50.0
1062.0,11,90739.0,86039.0,95757.0,77326.5,25.0,20.0,50.0
1062.0,11,91481.5,85846.0,92968.0,83139.0,25.0,20.0,50.0
1062.0,11,89537.0,85142.5,107872.5,77033.0,25.0,20.0,50.0
1062.0,11,84735.0,84844.0,105308.0,87332.5,25.0,20.0,50.0
1062.0,11,84833.0,85160.0,107552.5,90235.0,25.0,20.0,50.0
1062.0,11,109995.0,86596.5,83098.0,96778.0,25.0,20.0,50.0
1062.0,11,88313.5,87177.5,82804.0,84033.83059210527,25.0,20.0,50.0
1001.0,13,111308.0,109508.0,117985.5,120616.0,25.0,20.0,50.0
1001.0,13,108073.0,109489.5,117681.0,122671.0,25.0,20.0,50.0
1001.0,13,110129.5,108701.5,114839.0,121817.0,25.0,20.0,50.0
1001.0,13,110961.5,110416.0,120308.0,123915.0,25.0,20.0,50.0
1001.0,13,110011.0,109974.5,118828.5,121894.0,25.0,20.0,50.0
1001.0,13,109411.5,109539.0,105562.0,124986.0,25.0,20.0,50.0
1001.0,13,109417.0,109018.0,121793.0,102805.0,25.0,20.0,50.0
1001.0,13,111108.0,110514.5,120551.0,124307.0,25.0,20.0,50.0
1001.0,13,108517.5,110291.0,106887.5,105026.0,25.0,20.0,50.0
1001.0,13,110790.5,109015.0,104798.0,122769.0,25.0,20.0,50.0
1001.0,13,108331.0,109728.0,116543.0,117828.0,25.0,20.0,50.0
1001.0,13,128970.5,111948.0,121077.5,126034.5,25.0,20.0,50.0
1001.0,13,110184.0,110686.0,112773.5,123955.0,25.0,20.0,50.0
1001.0,13,111323.0,110799.0,122872.5,105593.0,25.0,20.0,50.0
1001.0,13,114643.0,110140.0,108094.0,104985.0,25.0,20.0,50.0
1001.0,13,115219.0,111314.0,109157.0,121156.0,25.0,20.0,50.0
1001.0,13,111445.0,110873.0,116893.0,105850.0,25.0,20.0,50.0
1022.0,13,111615.5,111660.0,105566.0,108309.0,25.0,20.0,50.0
1022.0,13,112062.0,112660.5,118506.0,114970.0,25.0,20.0,50.0
1022.0,13,114095.0,113521.0,109964.0,111219.07827260459,25.0,20.0,50.0
1022.0,13,118766.5,112024.0,115347.0,111138.5,25.0,20.0,50.0
1022.0,13,116644.0,119140.0,109737.0,105694.0,25.0,20.0,50.0
1022.0,13,111614.5,112483.0,108977.0,105899.0,25.0,20.0,50.0
1022.0,13,107543.0,111243.5,121778.0,105732.0,25.0,20.0,50.0
1022.0,13,112560.0,111694.0,106841.5,105560.0,25.0,20.0,50.0
1022.0,13,111353.0,110890.5,105484.0,105141.0,25.0,20.0,50.0
1022.0,13,112540.0,113576.5,109701.0,105839.0,25.0,20.0,50.0
1022.0,13,118485.0,112579.0,107363.0,117814.0,25.0,20.0,50.0
1022.0,13,115353.0,111561.0,106889.0,114242.0,25.0,20.0,50.0
1022.0,13,112780.0,112635.5,107344.0,116580.0,25.0,20.0,50.0
1022.0,13,125741.5,112712.0,108014.0,116678.0,25.0,20.0,50.0
1022.0,13,113013.5,111124.0,121715.5,111219.5,25.0,20.0,50.0
1022.0,13,113654.0,112609.0,107688.0,106154.0,25.0,20.0,50.0
1022.0,13,114079.8407557355,113351.5,108557.0,119180.5,25.0,20.0,50.0
1022.0,13,111520.0,112138.0,111643.0,120483.5,25.0,20.0,50.0
1037.0,13,109472.0,109561.0,104422.0,104033.0,25.0,20.0,50.0
1037.0,13,113432.0,111185.5,109908.5,116135.0,25.0,20.0,50.0
1037.0,13,108829.0,112119.5,112730.0,114709.5,25.0,20.0,50.0
1037.0,13,112026.78982300885,110210.5,114072.5,105073.0,25.0,20.0,50.0
1037.0,13,110066.0,109545.0,105079.5,117697.5,25.0,20.0,50.0
1037.0,13,110776.5,109460.0,120075.0,114102.0,25.0,20.0,50.0
1037.0,13,109542.5,109378.0,108727.0,103459.0,25.0,20.0,50.0
1037.0,13,112026.78982300885,111629.0,121036.0,119739.0,25.0,20.0,50.0
1037.0,13,111571.5,115235.0,106108.0,103876.0,25.0,20.0,50.0
1037.0,13,110481.5,109276.0,121434.5,105384.5,25.0,20.0,50.0
1037.0,13,110559.0,110059.5,104950.0,103505.0,25.0,20.0,50.0
1037.0,13,110641.0,110048.0,105388.0,117713.0,25.0,20.0,50.0
1037.0,13,149723.0,110656.0,106268.0,104274.0,25.0,20.0,50.0
1037.0,13,120079.0,110916.5,105120.0,117523.5,25.0,20.0,50.0
1037.0,13,115097.0,113106.0,116385.0,104228.0,25.0,20.0,50.0
1037.0,13,110805.0,109933.0,121201.0,103514.0,25.0,20.0,50.0
1037.0,13,110930.5,111641.0,106087.0,115008.0,25.0,20.0,50.0
1037.0,13,111016.5,109892.0,105731.0,103070.0,25.0,20.0,50.0
1037.0,13,110547.0,111359.5,105974.0,119258.5,25.0,20.0,50.0
1002.0,14,98973.5,87423.5,99305.0,88506.5,25.0,20.0,50.0
1002.0,14,101761.0,94806.0,96288.0,99514.0,25.0,20.0,50.0
1002.0,14,98589.5,84929.0,89196.0,92735.0,25.0,20.0,50.0
1002.0,14,106944.5,85076.0,89126.5,91292.5,25.0,20.0,50.0
1002.0,14,99456.5,86933.0,95209.0,82275.0,25.0,20.0,50.0
1002.0,14,102571.5,86577.0,97028.0,93938.0,25.0,20.0,50.0
1002.0,14,98888.0,86001.0,95869.0,94621.5,25.0,20.0,50.0
1002.0,14,98721.0,85976.0,85555.5,96618.5,25.0,20.0,50.0
1002.0,14,97397.5,85513.0,98030.0,88045.5,25.0,20.0,50.0
1002.0,14,99623.5,86628.0,95241.0,99505.0,25.0,20.0,50.0
1002.0,14,100912.0,86928.98682703322,87673.5,91763.0,25.0,20.0,50.0
1002.0,14,101949.0,85737.0,104491.0,87516.0,25.0,20.0,50.0
1002.0,14,99467.0,86369.0,97568.0,91057.0,25.0,20.0,50.0
1002.0,14,100458.23997709049,87847.5,97851.0,93309.5,25.0,20.0,50.0
1002.0,14,99196.0,86708.0,91233.0,89242.5,25.0,20.0,50.0
1002.0,14,105356.0,86819.0,92228.0,89173.5,25.0,20.0,50.0
1002.0,14,99271.5,86447.0,92230.0,89912.5,25.0,20.0,50.0
1002.0,14,99628.0,93679.5,104802.0,96884.0,25.0,20.0,50.0
1002.0,14,99713.5,87382.0,85326.0,89967.0,25.0,20.0,50.0
1023.0,14,97010.0,85854.0,84745.0,90954.0,25.0,20.0,50.0
1023.0,14,145434.0,87196.0,94965.5,100565.0,25.0,20.0,50.0
1023.0,14,110729.0,87303.5,99978.0,93121.5,25.0,20.0,50.0
1023.0,14,96521.0,85633.5,101103.0,83927.0,25.0,20.0,50.0
1023.0,14,105318.0,86602.0,109447.0,88770.0,25.0,20.0,50.0
1023.0,14,97021.0,86100.5,91733.0,90353.5,25.0,20.0,50.0
1023.0,14,102470.15208110992,85720.0,90702.0,90970.5,25.0,20.0,50.0
1023.0,14,96885.0,85498.0,89010.5,109820.0,25.0,20.0,50.0
1023.0,14,100441.5,85951.0,85042.0,80566.0,25.0,20.0,50.0
1023.0,14,100601.0,86094.0,103126.0,88888.0,25.0,20.0,50.0
1023.0,14,98127.0,85606.5,97156.0,88181.0,25.0,20.0,50.0
1023.0,14,94598.5,85067.5,95471.0,101922.0,25.0,20.0,50.0
1023.0,14,96333.0,85596.0,95812.5,80909.0,25.0,20.0,50.0
1023.0,14,98845.5,86166.0,89331.0,91233.0,25.0,20.0,50.0
1023.0,14,101005.0,87013.0,107172.0,90217.0,25.0,20.0,50.0
1023.0,14,103942.0,85552.0,92345.0,89109.5,25.0,20.0,50.0
1023.0,14,93298.5,85618.0,105525.0,96067.0,25.0,20.0,50.0
1023.0,14,97626.0,85274.0,90025.0,100167.5,25.0,20.0,50.0
1023.0,14,109734.0,86545.5,104221.0,97905.0,25.0,20.0,50.0
1023.0,14,99174.0,85589.0,103445.0,97989.0,25.0,20.0,50.0
1038.0,14,86971.0,88022.0,104247.0,87979.5,25.0,20.0,50.0
1038.0,14,92529.0,87301.0,102365.5,94421.0,25.0,20.0,50.0
1038.0,14,91568.5,87889.0,107901.0,86944.0,25.0,20.0,50.0
1038.0,14,92051.5,85813.5,105117.0,90762.0,25.0,20.0,50.0
1038.0,14,85383.5,85399.0,97088.0,80679.0,25.0,20.0,50.0
1038.0,14,85401.5,85440.0,93311.5,94493.0,25.0,20.0,50.0
1038.0,14,84760.5,85013.5,104956.0,79996.0,25.0,20.0,50.0
1038.0,14,93710.5,86684.0,88074.5,95320.0,25.0,20.0,50.0
1038.0,14,85541.5,85623.5,96033.0,88639.0,25.0,20.0,50.0
1038.0,14,85383.0,84837.0,97268.0,80520.0,25.0,20.0,50.0
1038.0,14,86046.5,85730.0,88388.5,85157.0,25.0,20.0,50.0
1038.0,14,85385.5,85497.0,100039.0,92548.5,25.0,20.0,50.0
1038.0,14,94259.0,85890.0,91718.0,88012.0,25.0,20.0,50.0
1038.0,14,100023.0,87107.0,100431.0,91586.5,25.0,20.0,50.0
1038.0,14,86223.0,85817.0,97129.0,80680.0,25.0,20.0,50.0
1038.0,14,88142.0,86415.0,105406.0,93632.5,25.0,20.0,50.0
1038.0,14,88315.5,96974.5,85652.0,80499.0,25.0,20.0,50.0
1038.0,14,88390.3168771527,86262.0,84022.0,95343.0,25.0,20.0,50.0
1038.0,14,86351.5,85894.0,82270.0,89601.5,25.0,20.0,50.0
1038.0,14,86356.0,86356.0,98650.0,90914.5,25.0,20.0,50.0
1003.0,15,106853.5,106140.0,112388.0,107328.0,25.0,20.0,50.0
1003.0,15,118419.5,107822.0,129098.99999999999,99474.0,25.0,20.0,50.0
1003.0,15,119940.0,106992.0,106546.5,99281.0,25.0,20.0,50.0
1003.0,15,107831.0,110532.0,107277.0,99126.0,25.0,20.0,50.0
1003.0,15,119787.0,108391.0,110265.0,98939.0,25.0,20.0,50.0
1003.0,15,105983.0,108252.5,117655.0,99472.5,25.0,20.0,50.0
1003.0,15,107871.0,107329.5,101826.0,99601.0,25.0,20.0,50.0
1003.0,15,106011.0,106142.0,102267.0,97880.5,25.0,20.0,50.0
1003.0,15,107629.0,108793.0,121012.0,112768.0,25.0,20.0,50.0
1003.0,15,115331.0,107986.5,118194.5,99817.0,25.0,20.0,50.0
1003.0,15,108084.0,108647.0,103457.0,100392.0,25.0,20.0,50.0
1003.0,15,113759.0,108285.0,125402.0,110125.0,25.0,20.0,50.0
1003.0,15,106955.0,108506.0,117316.0,118794.0,25.0,20.0,50.0
1003.0,15,119389.5,111844.5,103443.0,100401.0,25.0,20.0,50.0
1003.0,15,109697.0,120330.0,114379.0,117226.0,25.0,20.0,50.0
1003.0,15,125177.0,108041.5,101776.0,119909.5,25.0,20.0,50.0
1003.0,15,120787.5,108169.0,128745.0,113096.0,25.0,20.0,50.0
1003.0,15,108078.0,108579.0,116691.0,100225.0,25.0,20.0,50.0
1003.0,15,109100.0,109251.0,105414.0,102063.5,25.0,20.0,50.0
1024.0,15,109295.0,105254.0,110200.0,98763.0,25.0,20.0,50.0
1024.0,15,126823.0,113575.0,102522.0,114776.5,25.0,20.0,50.0
1024.0,15,109531.0,108972.0,104248.0,118782.5,25.0,20.0,50.0
1024.0,15,112531.5,107160.0,111691.0,98939.0,25.0,20.0,50.0
1024.0,15,110193.0,109057.0,102723.0,100615.0,25.0,20.0,50.0
1024.0,15,107442.0,107593.0,124693.0,99762.5,25.0,20.0,50.0
1024.0,15,108335.5,107827.0,119857.0,114541.5,25.0,20.0,50.0
1024.0,15,104602.0,106682.5,118667.0,99411.0,25.0,20.0,50.0
1024.0,15,130476.0,107723.0,134429.5,99078.5,25.0,20.0,50.0
1024.0,15,108363.0,108489.0,102028.5,112584.5,25.0,20.0,50.0
1024.0,15,107776.0,106662.0,112397.0,116471.5,25.0,20.0,50.0
1024.0,15,106366.0,106329.0,110037.0,97826.0,25.0,20.0,50.0
1024.0,15,111832.5,107688.0,114910.0,111453.5,25.0,20.0,50.0
1024.0,15,108146.5,107508.5,101653.0,100345.0,25.0,20.0,50.0
1024.0,15,107724.0,107622.0,103152.0,100029.0,25.0,20.0,50.0
1024.0,15,130943.00000000001,106556.5,102522.0,114102.0,25.0,20.0,50.0
1024.0,15,106180.0,109008.0,123181.0,109531.5,25.0,20.0,50.0
1024.0,15,119972.5,108680.0,118580.0,99599.0,25.0,20.0,50.0
1024.0,15,108832.0,108498.0,103743.0,120232.0,25.0,20.0,50.0
1024.0,15,107248.0,107634.0,129250.0,99106.0,25.0,20.0,50.0
991.0,17,99668.5,99384.0,109173.0,102002.0,25.0,20.0,50.0
991.0,17,100157.0,99988.5,108504.5,113645.0,25.0,20.0,50.0
991.0,17,103496.0,103891.0,102897.0,99989.0,25.0,20.0,50.0
991.0,17,103823.0,100410.0,109744.0,102240.0,25.0,20.0,50.0
991.0,17,99607.0,100528.0,113172.0,103713.0,25.0,20.0,50.0
991.0,17,102134.0,99714.0,101346.0,104665.0,25.0,20.0,50.0
991.0,17,100408.0,100247.5,107596.0,103840.0,25.0,20.0,50.0
991.0,17,99861.5,99268.0,108545.0,104546.5,25.0,20.0,50.0
991.0,17,100007.0,99361.5,107623.0,101650.0,25.0,20.0,50.0
991.0,17,100256.0,100757.0,100364.0,103786.0,25.0,20.0,50.0
991.0,17,105410.5,100754.0,116774.0,103905.0,25.0,20.0,50.0
991.0,17,99747.5,99152.5,100916.0,100247.0,25.0,20.0,50.0
991.0,17,100065.0,100084.0,100899.0,104207.5,25.0,20.0,50.0
991.0,17,110395.0,99873.5,111434.0,111723.0,25.0,20.0,50.0
991.0,17,100734.0,100081.5,107318.0,102102.5,25.0,20.0,50.0
991.0,17,103032.0,105761.0,103331.5,106426.5,25.0,20.0,50.0
991.0,17,101303.0,100198.0,107368.0,103797.5,25.0,20.0,50.0
991.0,17,100274.5,100654.0,104905.0,104776.5,25.0,20.0,50.0
991.0,17,101399.5,100709.0,113255.0,110806.5,25.0,20.0,50.0
991.0,17,101599.0,101992.5,104534.5,107510.0,25.0,20.0,50.0
1012.0,17,100991.0,99611.0,107698.0,103303.5,25.0,20.0,50.0
1012.0,17,101610.5,100819.5,102978.0,105809.0,25.0,20.0,50.0
1012.0,17,101652.5,101976.5,107186.0,103788.5,25.0,20.0,50.0
1012.0,17,101462.5,100312.0,111911.0,101608.0,25.0,20.0,50.0
1012.0,17,100943.5,100467.0,99085.0,109826.0,25.0,20.0,50.0
1012.0,17,100737.0,99977.0,104867.0,103432.0,25.0,20.0,50.0
1012.0,17,100386.0,100341.0,113228.5,104792.5,25.0,20.0,50.0
1012.0,17,100276.0,100404.5,112874.0,103782.0,25.0,20.0,50.0
1012.0,17,100201.5,99218.0,114197.5,104303.5,25.0,20.0,50.0
1012.0,17,101486.0,101287.0,98556.0,120632.0,25.0,20.0,50.0
1012.0,17,99932.5,99213.0,127781.0,103932.0,25.0,20.0,50.0
1012.0,17,100110.5,99557.5,111011.0,108421.0,25.0,20.0,50.0
1012.0,17,100549.0,100368.0,112299.0,105977.0,25.0,20.0,50.0
1012.0,17,100866.5,100847.0,108418.0,103115.0,25.0,20.0,50.0
1012.0,17,101214.64429868819,101067.5,118215.0,136522.0,25.0,20.0,50.0
1012.0,17,100368.0,99861.0,105879.5,116058.0,25.0,20.0,50.0
1012.0,17,103844.0,116633.0,109845.5,100278.0,25.0,20.0,50.0
1012.0,17,100743.0,100776.0,112196.5,105344.0,25.0,20.0,50.0
1012.0,17,101852.0,101194.5,106804.0,103623.0,25.0,20.0,50.0
1012.0,17,104383.5,99795.5,124604.0,107831.51311806256,25.0,20.0,50.0
1008.0,18,78331.0,73210.0,100235.0,88479.0,25.0,20.0,50.0
1008.0,18,78679.82269197585,74169.0,76881.0,81252.0,25.0,20.0,50.0
1008.0,18,80413.0,73075.5,76382.0,76380.0,25.0,20.0,50.0
1008.0,18,88525.0,73000.0,75800.5,81814.5,25.0,20.0,50.0
1008.0,18,74000.5,74210.5,84983.0,80646.0,25.0,20.0,50.0
1008.0,18,74650.5,82773.0,83529.5,76439.5,25.0,20.0,50.0
1008.0,18,78679.82269197585,74164.5,88531.5,76220.0,25.0,20.0,50.0
1008.0,18,73372.5,73127.0,97549.5,79420.0,25.0,20.0,50.0
1008.0,18,78998.5,73363.0,77426.0,83459.0,25.0,20.0,50.0
1008.0,18,87520.5,74154.0,82970.0,78881.0,25.0,20.0,50.0
1008.0,18,78679.82269197585,74210.0,91405.5,77030.0,25.0,20.0,50.0
1008.0,18,83358.0,72914.0,79732.0,78429.0,25.0,20.0,50.0
1008.0,18,74365.5,74014.0,76952.5,80296.5,25.0,20.0,50.0
1008.0,18,81132.0,74421.0,89061.0,79773.5,25.0,20.0,50.0
1008.0,18,74465.0,73930.0,84395.5,74672.0,25.0,20.0,50.0
1008.0,18,74836.0,74569.5,83846.0,76116.5,25.0,20.0,50.0
1008.0,18,84748.0,74424.0,100488.5,72600.5,25.0,20.0,50.0
1008.0,18,77821.0,74753.0,92942.0,75606.0,25.0,20.0,50.0
1008.0,18,74170.5,73708.0,83801.0,85556.0,25.0,20.0,50.0
1008.0,18,74395.0,74054.0,99245.0,92173.0,25.0,20.0,50.0
1029.0,18,86906.66455696203,76795.0,94587.5,79729.0,25.0,20.0,50.0
1029.0,18,82654.0,75730.0,89726.0,84611.5,25.0,20.0,50.0
1029.0,18,86906.66455696203,75679.23760488177,81063.5,79914.0,25.0,20.0,50.0
1029.0,18,89210.0,74046.0,77312.0,82038.0,25.0,20.0,50.0
1029.0,18,86906.66455696203,75302.0,72822.0,80406.0,25.0,20.0,50.0
1029.0,18,84752.0,74388.5,85344.5,77455.5,25.0,20.0,50.0
1029.0,18,86906.66455696203,74119.0,89889.0,79272.0,25.0,20.0,50.0
1029.0,18,81762.0,74429.0,83968.5,79241.0,25.0,20.0,50.0
1029.0,18,77115.0,76822.0,92601.0,83728.0,25.0,20.0,50.0
1029.0,18,95730.0,74870.0,72546.0,69597.0,25.0,20.0,50.0
1029.0,18,102074.0,74603.0,83700.0,79275.0,25.0,20.0,50.0
1029.0,18,86906.66455696203,73725.5,82157.5,74071.5,25.0,20.0,50.0
1029.0,18,88529.0,74831.5,83226.0,81912.0,25.0,20.0,50.0
1029.0,18,86911.0,78677.0,94617.5,82849.0,25.0,20.0,50.0
1029.0,18,80863.0,81731.0,89991.0,83719.5,25.0,20.0,50.0
1029.0,18,90997.5,74679.5,89354.0,69668.0,25.0,20.0,50.0
1029.0,18,81259.0,74221.0,73336.0,74345.0,25.0,20.0,50.0
1029.0,18,83766.0,74489.0,87007.0,78352.0,25.0,20.0,50.0
1029.0,18,86988.0,75752.5,90505.0,76006.5,25.0,20.0,50.0
1029.0,18,87949.0,79008.0,86653.5,76718.0,25.0,20.0,50.0
1053.0,21,85276.5,81949.5,87912.0,81914.0,25.0,20.0,50.0
1053.0,21,89422.0,81558.0,95283.0,88545.5,25.0,20.0,50.0
1053.0,21,92842.5,81771.0,83715.0,80322.0,25.0,20.0,50.0
1053.0,21,81145.0,81108.0,95318.0,85112.0,25.0,20.0,50.0
1053.0,21,89097.0,80104.0,96273.0,75744.0,25.0,20.0,50.0
1053.0,21,85195.0,84440.0,88562.0,82851.0,25.0,20.0,50.0
1053.0,21,87116.5,81030.0,89836.0,82648.0,25.0,20.0,50.0
1053.0,21,86438.0,79106.0,93867.0,76209.0,25.0,20.0,50.0
1053.0,21,82901.0,81131.0,101155.0,87339.5,25.0,20.0,50.0
1053.0,21,80149.0,80546.0,96144.5,76115.0,25.0,20.0,50.0
1053.0,21,81855.0,81131.0,90557.0,76436.5,25.0,20.0,50.0
1053.0,21,82499.0,80310.0,82673.0,83518.0,25.0,20.0,50.0
1053.0,21,90271.5,80391.0,89625.5,75548.0,25.0,20.0,50.0
1053.0,21,93893.0,79904.0,92900.0,75558.0,25.0,20.0,50.0
1053.0,21,84198.0,81343.0,86954.0,80931.5,25.0,20.0,50.0
1053.0,21,82040.0,80527.0,98694.0,79950.0,25.0,20.0,50.0
1053.0,21,90880.5,80356.0,100809.5,81219.15881244109,25.0,20.0,50.0
1053.0,21,88515.0,91675.5,89397.0,89690.0,25.0,20.0,50.0
1053.0,21,82530.0,81917.5,95840.0,84117.5,25.0,20.0,50.0
1005.0,22,94861.5,94430.0,118893.0,102680.0,25.0,20.0,50.0
1005.0,22,104666.0,96975.5,104246.0,91165.0,25.0,20.0,50.0
1005.0,22,99992.0,95571.5,105929.0,107423.0,25.0,20.0,50.0
1005.0,22,99036.0,95287.0,110337.0,109344.5,25.0,20.0,50.0
1005.0,22,96632.5,95997.0,112364.0,96780.0,25.0,20.0,50.0
1005.0,22,98533.0,96258.0,114884.0,97586.0,25.0,20.0,50.0
1005.0,22,96429.0,96028.0,101352.5,106164.0,25.0,20.0,50.0
1005.0,22,95370.5,95096.0,97628.0,89806.0,25.0,20.0,50.0
1005.0,22,96057.0,96432.0,116749.0,111649.0,25.0,20.0,50.0
1005.0,22,95859.0,95637.0,125267.0,91213.0,25.0,20.0,50.0
1005.0,22,95329.0,95150.0,97424.0,89480.0,25.0,20.0,50.0
1005.0,22,101572.0,96682.0,102088.0,100616.0,25.0,20.0,50.0
1005.0,22,99017.03841991341,97064.0,101542.0,99782.0,25.0,20.0,50.0
1005.0,22,95261.0,95963.5,92501.5,110027.0,25.0,20.0,50.0
1005.0,22,101128.5,96558.0,111396.0,91174.0,25.0,20.0,50.0
1005.0,22,103551.0,95240.0,101081.0,99161.0,25.0,20.0,50.0
1005.0,22,113740.0,96490.5,115793.0,90835.0,25.0,20.0,50.0
1005.0,22,96351.0,96465.5,102037.5,99351.0,25.0,20.0,50.0
1005.0,22,97856.0,97029.0,101655.5,91699.0,25.0,20.0,50.0
1009.0,24,105383.0,104747.0,112075.5,106338.0,25.0,20.0,50.0
1009.0,24,114059.0,105666.0,114120.0,106934.0,25.0,20.0,50.0
1009.0,24,106502.0,104574.5,112718.5,101567.0,25.0,20.0,50.0
1009.0,24,105836.0,103791.0,112214.0,105422.0,25.0,20.0,50.0
1009.0,24,106661.0,106319.0,109754.0,111275.0,25.0,20.0,50.0
1009.0,24,106261.0,105734.0,141244.0,109447.5,25.0,20.0,50.0
1009.0,24,107515.5,103922.0,99784.0,117764.0,25.0,20.0,50.0
1009.0,24,110785.0,104311.0,117792.0,97436.0,25.0,20.0,50.0
1009.0,24,105257.0,105284.0,124892.0,105280.0,25.0,20.0,50.0
1009.0,24,106340.0,105819.0,101837.0,99493.0,25.0,20.0,50.0
1009.0,24,104555.5,104083.0,121208.5,106621.0,25.0,20.0,50.0
1009.0,24,104198.0,105093.0,124947.0,108799.5,25.0,20.0,50.0
1009.0,24,108554.0,122464.0,111138.0,106913.0,25.0,20.0,50.0
1009.0,24,106225.0,105286.0,99301.0,106231.5,25.0,20.0,50.0
1009.0,24,117524.0,106271.0,104750.0,108844.5,25.0,20.0,50.0
1009.0,24,102986.0,106540.5,109316.5,107534.5,25.0,20.0,50.0
1009.0,24,113676.0,105418.0,115573.0,108456.5,25.0,20.0,50.0
1009.0,24,107962.93365500603,105282.0,127730.5,107055.0,25.0,20.0,50.0
1009.0,24,107962.93365500603,105921.0,113538.0,112251.0,25.0,20.0,50.0
1030.0,24,106764.0,108072.5,105814.5,104855.0,25.0,20.0,50.0
1030.0,24,113032.0,104327.0,112471.0,113058.0,25.0,20.0,50.0
1030.0,24,103993.0,105990.0,118267.0,101123.0,25.0,20.0,50.0
1030.0,24,127812.5,104452.0,108776.0,116353.0,25.0,20.0,50.0
1030.0,24,104887.0,104948.5,98726.0,107108.5,25.0,20.0,50.0
1030.0,24,107418.0,105606.5,132622.0,106469.5,25.0,20.0,50.0
1030.0,24,127177.0,104483.0,132846.0,123092.0,25.0,20.0,50.0
1030.0,24,114183.0,104662.0,129312.5,110873.0,25.0,20.0,50.0
1030.0,24,107052.5,104131.0,132151.0,115938.0,25.0,20.0,50.0
1030.0,24,104675.0,104537.0,101424.5,98899.0,25.0,20.0,50.0
1030.0,24,126417.0,104420.0,113210.0,106845.0,25.0,20.0,50.0
1030.0,24,103796.0,106171.5,119151.0,104044.0,25.0,20.0,50.0
1030.0,24,106019.0,104523.0,117871.0,126913.0,25.0,20.0,50.0
1030.0,24,105375.0,104822.0,107517.5,113609.5,25.0,20.0,50.0
1030.0,24,104611.5,104869.0,124810.0,108085.0,25.0,20.0,50.0
1030.0,24,109857.0,104051.0,118241.5,111371.5,25.0,20.0,50.0
1030.0,24,107219.0,103565.0,111247.0,115435.0,25.0,20.0,50.0
1030.0,24,104994.0,105744.0,118359.0,116677.0,25.0,20.0,50.0
1030.0,24,106191.0,105083.0,120060.0,107664.0,25.0,20.0,50.0
1030.0,24,107209.0,103627.0,126264.5,116211.0,25.0,20.0,50.0
1047.0,24,106610.0,106527.5,106440.0,103945.5,25.0,20.0,50.0
1047.0,24,101025.5,101730.0,106838.0,110834.5,25.0,20.0,50.0
1047.0,24,108951.5,108133.5,111049.0,109061.0,25.0,20.0,50.0
1047.0,24,103771.0,103276.0,106280.5,113847.5,25.0,20.0,50.0
1047.0,24,105012.24147727272,103345.5,117038.0,111442.0,25.0,20.0,50.0
1047.0,24,103676.0,104174.0,129350.5,106676.0,25.0,20.0,50.0
1047.0,24,105012.24147727272,104927.0,112461.5,104571.5,25.0,20.0,50.0
1047.0,24,105651.0,103618.0,112682.5,103401.0,25.0,20.0,50.0
1047.0,24,103890.0,101912.5,126387.0,104733.5,25.0,20.0,50.0
1047.0,24,104746.0,104039.0,104403.0,102753.0,25.0,20.0,50.0
1047.0,24,104986.5,107745.5,130923.0,113151.0,25.0,20.0,50.0
1047.0,24,104599.0,104233.5,114066.5,96502.0,25.0,20.0,50.0
1047.0,24,105012.24147727272,105127.5,117518.0,108074.0,25.0,20.0,50.0
1047.0,24,104558.0,103105.5,121843.5,104974.5,25.0,20.0,50.0
1047.0,24,103774.0,103799.0,105203.0,96894.0,25.0,20.0,50.0
1047.0,24,104836.0,103822.0,124516.0,117589.0,25.0,20.0,50.0
1047.0,24,105943.0,103271.5,131831.0,106360.0,25.0,20.0,50.0
1047.0,24,104339.0,102383.0,116891.0,109323.5,25.0,20.0,50.0
1047.0,24,106637.0,104478.0,109931.0,133884.0,25.0,20.0,50.0
1047.0,24,106233.0,126429.0,101480.0,104524.0,25.0,20.0,50.0
1073.0,24,89335.0,89219.0,113795.0,90509.0,25.0,20.0,50.0
1073.0,24,103476.0,90350.0,101272.0,104606.0,25.0,20.0,50.0
1073.0,24,93808.5,90326.0,108729.0,111251.0,25.0,20.0,50.0
1073.0,24,97174.0,93163.0,121303.0,98742.0,25.0,20.0,50.0
1073.0,24,90676.0,90417.0,106439.0,87086.5,25.0,20.0,50.0
1073.0,24,102639.0,90590.5,115768.0,91422.0,25.0,20.0,50.0
1073.0,24,93009.0,88655.5,98759.0,103156.0,25.0,20.0,50.0
1073.0,24,117652.0,90238.0,90222.5,89269.0,25.0,20.0,50.0
1073.0,24,90833.0,90145.0,92446.5,84318.0,25.0,20.0,50.0
1073.0,24,91268.0,90625.0,110915.0,103234.0,25.0,20.0,50.0
1073.0,24,94338.0,90887.0,114350.0,101206.0,25.0,20.0,50.0
1073.0,24,90809.5,90698.0,108433.5,84745.0,25.0,20.0,50.0
1073.0,24,91633.0,90262.0,111321.5,83868.0,25.0,20.0,50.0
1073.0,24,94980.40689300411,91046.5,93969.0,90551.5,25.0,20.0,50.0
1073.0,24,91970.5,91122.0,109102.5,85150.0,25.0,20.0,50.0
1073.0,24,91035.0,90347.0,105788.5,100242.5,25.0,20.0,50.0
1073.0,24,92503.5,92097.5,104589.0,85637.0,25.0,20.0,50.0
1096.0,24,90315.0,93860.0,95256.0,99426.0,25.0,20.0,50.0
1096.0,24,95703.53483309144,92091.0,108665.5,98929.0,25.0,20.0,50.0
1096.0,24,99841.0,94103.0,108472.0,106479.0,25.0,20.0,50.0
1096.0,24,102781.5,91425.0,118651.0,96495.5,25.0,20.0,50.0
1096.0,24,90945.5,106155.0,97682.0,93684.0,25.0,20.0,50.0
1096.0,24,92539.0,92791.5,114732.0,101210.5,25.0,20.0,50.0
1096.0,24,94393.0,93130.0,106008.0,92020.5,25.0,20.0,50.0
1096.0,24,95703.53483309144,90570.0,96157.0,107849.0,25.0,20.0,50.0
1096.0,24,95703.53483309144,91326.0,89221.5,104951.0,25.0,20.0,50.0
1096.0,24,93541.0,91955.0,111073.0,99659.0,25.0,20.0,50.0
1096.0,24,95703.53483309144,92716.0,116813.0,103448.0,25.0,20.0,50.0
1096.0,24,105618.0,91745.0,114910.5,95312.0,25.0,20.0,50.0
1096.0,24,98348.0,91828.5,89259.0,85345.0,25.0,20.0,50.0
1096.0,24,95703.53483309144,92356.0,111534.0,101448.0,25.0,20.0,50.0
1096.0,24,90817.0,91435.0,102428.5,94448.5,25.0,20.0,50.0
1096.0,24,94892.5,92548.0,116761.0,104335.0,25.0,20.0,50.0
1096.0,24,95703.53483309144,92973.0,117864.0,96037.5,25.0,20.0,50.0
1096.0,24,94212.0,92011.5,119693.0,93250.5,25.0,20.0,50.0
1096.0,24,95703.53483309144,93123.0,102722.0,98807.0,25.0,20.0,50.0
1096.0,24,95703.53483309144,93519.0,114458.0,97970.5,25.0,20.0,50.0
1007.0,32,89031.0,86276.0,85014.0,86346.0,25.0,20.0,50.0
1007.0,32,89204.74321705426,85262.0,88986.0,83644.0,25.0,20.0,50.0
1007.0,32,91271.5,83838.0,85051.0,87081.0,25.0,20.0,50.0
1007.0,32,91347.0,83928.0,93882.5,91268.0,25.0,20.0,50.0
1007.0,32,87900.5,85218.0,88459.0,83521.0,25.0,20.0,50.0
1007.0,32,87190.0,84980.0,99188.0,85745.5,25.0,20.0,50.0
1007.0,32,88914.0,85375.0,92389.5,85296.0,25.0,20.0,50.0
1007.0,32,85047.0,83048.0,89515.0,84552.5,25.0,20.0,50.0
1007.0,32,88202.0,84696.0,90410.0,85050.5,25.0,20.0,50.0
1007.0,32,88189.5,86147.0,90339.90323955669,83283.5,25.0,20.0,50.0
1007.0,32,87954.0,86771.0,98131.0,84757.0,25.0,20.0,50.0
1007.0,32,85546.0,83344.0,86258.0,84539.0,25.0,20.0,50.0
1007.0,32,89132.5,84183.0,90927.5,85700.5,25.0,20.0,50.0
1007.0,32,86428.0,85011.0,81535.0,90137.0,25.0,20.0,50.0
1007.0,32,89204.74321705426,85697.5,91140.0,86057.5,25.0,20.0,50.0
1007.0,32,93644.5,86542.5,89949.0,94216.0,25.0,20.0,50.0
1007.0,32,89204.74321705426,87581.5,83809.0,85810.0,25.0,20.0,50.0
1007.0,32,90749.0,87229.5,97697.0,87217.5,25.0,20.0,50.0
1007.0,32,89204.74321705426,84615.0,95555.5,83899.0,25.0,20.0,50.0
1007.0,32,96058.5,85106.5,88735.5,89682.5,25.0,20.0,50.0
1027.0,32,86745.5,82858.0,89016.5,90878.0,25.0,20.0,50.0
1027.0,32,91125.0,83233.0,90906.0,85099.0,25.0,20.0,50.0
1027.0,32,87941.72059953882,84571.5,83763.0,93356.0,25.0,20.0,50.0
1027.0,32,87042.5,82575.0,92240.0,84625.5,25.0,20.0,50.0
1027.0,32,87967.0,85406.0,91568.5,89888.5,25.0,20.0,50.0
1027.0,32,86743.0,83854.0,90798.69365337673,84446.0,25.0,20.0,50.0
1027.0,32,82740.0,83278.5,88748.0,85637.0,25.0,20.0,50.0
1027.0,32,89091.5,83880.0,90798.69365337673,86445.5,25.0,20.0,50.0
1027.0,32,87058.0,83537.0,89196.0,85626.5,25.0,20.0,50.0
1027.0,32,87440.0,84347.0,92919.0,84956.0,25.0,20.0,50.0
1027.0,32,84870.0,83356.0,91596.0,83177.5,25.0,20.0,50.0
1027.0,32,93861.0,82397.0,96718.5,83695.0,25.0,20.0,50.0
1027.0,32,83806.0,83567.0,90920.0,85399.0,25.0,20.0,50.0
1027.0,32,82756.0,83099.0,92321.5,83929.5,25.0,20.0,50.0
1027.0,32,89703.0,84933.0,95641.0,83758.0,25.0,20.0,50.0
1027.0,32,95155.5,83136.5,93708.0,91950.5,25.0,20.0,50.0
1027.0,32,95514.0,85732.5,89570.0,84122.5,25.0,20.0,50.0
1027.0,32,86127.0,83889.0,85788.0,86792.0,25.0,20.0,50.0
1027.0,32,87685.0,83959.0,82714.0,93152.0,25.0,20.0,50.0
1027.0,32,85372.0,97027.0,95238.0,91384.0,25.0,20.0,50.0
1070.0,32,95054.5,83156.0,92270.5,91562.0,25.0,20.0,50.0
1070.0,32,88484.0,82416.0,93720.0,88765.5,25.0,20.0,50.0
1070.0,32,90059.0,82235.0,95612.0,85774.0,25.0,20.0,50.0
1070.0,32,84419.5,83302.0,100430.0,84436.5,25.0,20.0,50.0
1070.0,32,98637.5,82440.0,98757.0,91594.0,25.0,20.0,50.0
1070.0,32,88242.5,98530.0,88991.0,89250.0,25.0,20.0,50.0
1070.0,32,91210.0,84479.5,99026.0,96117.5,25.0,20.0,50.0
1070.0,32,83130.0,81325.0,99419.5,86179.5,25.0,20.0,50.0
1070.0,32,86572.0,91742.0,91951.0,83416.0,25.0,20.0,50.0
1070.0,32,97154.0,83102.0,95396.0,89354.0,25.0,20.0,50.0
1070.0,32,92346.0,83127.0,99033.0,80873.0,25.0,20.0,50.0
1070.0,32,86574.5,83709.5,109926.0,89202.0,25.0,20.0,50.0
1070.0,32,85532.0,82272.0,94608.5,77746.0,25.0,20.0,50.0
1070.0,32,90516.0,86176.0,89450.0,77991.0,25.0,20.0,50.0
1070.0,32,85244.0,83079.0,92049.0,95243.5,25.0,20.0,50.0
1070.0,32,83968.0,127220.0,83787.0,86404.5,25.0,20.0,50.0
1070.0,32,84663.5,83628.0,99590.0,91267.0,25.0,20.0,50.0
1070.0,32,87979.5,85252.0,105720.0,87602.5,25.0,20.0,50.0
996.0,34,106860.0,97984.0,119401.5,113407.0,25.0,20.0,50.0
996.0,34,102911.0,112990.5,96365.0,103880.5,25.0,20.0,50.0
996.0,34,110746.0,111914.0,110465.5,104319.0,25.0,20.0,50.0
996.0,34,109625.0,97938.5,109051.0,108838.0,25.0,20.0,50.0
996.0,34,104554.0,101685.0,111621.42941952507,114530.0,25.0,20.0,50.0
996.0,34,99411.0,99660.5,110976.0,108317.0,25.0,20.0,50.0
996.0,34,98553.0,117325.5,112384.0,106403.0,25.0,20.0,50.0
996.0,34,106820.5,98536.5,106122.5,108009.0,25.0,20.0,50.0
996.0,34,98398.0,114654.0,105234.0,100688.0,25.0,20.0,50.0
996.0,34,108519.0,99281.0,111621.42941952507,111070.0,25.0,20.0,50.0
996.0,34,121840.0,102879.66570104288,107004.5,102052.5,25.0,20.0,50.0
996.0,34,113729.0,98088.0,126894.5,103998.5,25.0,20.0,50.0
996.0,34,99717.0,99059.0,105782.0,103019.5,25.0,20.0,50.0
996.0,34,112940.0,106512.0,97547.0,109939.0,25.0,20.0,50.0
996.0,34,109921.0,101061.0,130854.0,107867.5,25.0,20.0,50.0
996.0,34,118377.0,99742.0,111621.42941952507,109275.0,25.0,20.0,50.0
996.0,34,108315.0,99378.5,113354.5,114580.0,25.0,20.0,50.0
996.0,34,112606.0,100575.0,124093.0,109275.0,25.0,20.0,50.0
1017.0,34,104917.0,97005.0,109472.5,108001.0,25.0,20.0,50.0
1017.0,34,112621.0,99237.0,119165.0,114237.5,25.0,20.0,50.0
1017.0,34,103779.0,99238.0,109506.5,106316.0,25.0,20.0,50.0
1017.0,34,110299.0,98854.0,121973.0,114883.0,25.0,20.0,50.0
1017.0,34,120153.0,101110.5,107724.0,107768.0,25.0,20.0,50.0
1017.0,34,101586.5,97779.0,112225.5,122272.0,25.0,20.0,50.0
1017.0,34,107827.5,98504.0,121240.0,117307.0,25.0,20.0,50.0
1017.0,34,115728.0,98455.0,93082.0,121924.0,25.0,20.0,50.0
1017.0,34,101642.0,96251.0,112961.0,98265.5,25.0,20.0,50.0
1017.0,34,105833.5,98708.0,94392.0,107528.5,25.0,20.0,50.0
1017.0,34,101057.0,96818.0,99028.0,116970.5,25.0,20.0,50.0
1017.0,34,99558.0,99047.5,112478.0,103242.0,25.0,20.0,50.0
1017.0,34,101689.0,98998.0,120196.0,106470.0,25.0,20.0,50.0
1017.0,34,117194.5,98994.5,122628.5,110478.0,25.0,20.0,50.0
1017.0,34,112889.5,99786.0,118402.0,106800.0,25.0,20.0,50.0
1017.0,34,121519.0,97665.5,127176.5,112434.0,25.0,20.0,50.0
1017.0,34,114237.0,98951.0,117661.0,101343.0,25.0,20.0,50.0
1017.0,34,113693.0,99357.0,120946.5,114552.0,25.0,20.0,50.0
1017.0,34,109531.3269035533,99733.0,107673.5,112693.0,25.0,20.0,50.0
1017.0,34,116873.0,99054.0,114828.0,110143.0,25.0,20.0,50.0
1059.0,34,100161.0,98401.0,95596.0,91596.0,25.0,20.0,50.0
1059.0,34,99954.0,98690.0,93823.0,91862.0,25.0,20.0,50.0
1059.0,34,121947.0,100015.0,93991.0,93354.0,25.0,20.0,50.0
1059.0,34,114062.5,99509.5,116443.0,108749.5,25.0,20.0,50.0
1059.0,34,102500.0,98810.0,124228.5,92618.0,25.0,20.0,50.0
1059.0,34,114760.0,100743.0,94085.0,115654.0,25.0,20.0,50.0
1059.0,34,101535.0,98090.0,92738.0,91487.5,25.0,20.0,50.0
1059.0,34,108464.5,98174.5,122707.5,92648.5,25.0,20.0,50.0
1059.0,34,100459.0,99102.0,93393.5,91514.0,25.0,20.0,50.0
1059.0,34,98845.0,98955.0,93793.0,91762.0,25.0,20.0,50.0
1059.0,34,100896.0,99832.0,124999.0,132584.0,25.0,20.0,50.0
1059.0,34,111504.0,99810.0,93656.0,92452.0,25.0,20.0,50.0
1059.0,34,116334.5,99700.5,110268.0,91657.0,25.0,20.0,50.0
1059.0,34,99733.0,99016.5,93736.0,91931.0,25.0,20.0,50.0
1059.0,34,117070.0,100269.0,108569.0,91542.0,25.0,20.0,50.0
1059.0,34,107179.32182182182,99590.0,131330.5,132536.5,25.0,20.0,50.0
1059.0,34,101703.0,100056.0,121530.0,93062.0,25.0,20.0,50.0
1059.0,34,122407.0,100719.0,126957.0,101429.00950950952,25.0,20.0,50.0
1059.0,34,101359.0,102812.0,128710.0,120886.0,25.0,20.0,50.0
1059.0,34,102766.0,101176.0,114567.5,119713.0,25.0,20.0,50.0
1064.0,39,78288.5,71911.0,80146.0,77291.5,25.0,20.0,50.0
1064.0,39,79860.0,76211.0,98493.0,70435.0,25.0,20.0,50.0
1064.0,39,84513.76529821844,76745.65143299768,75854.0,82269.5,25.0,20.0,50.0
1064.0,39,81092.0,76588.0,87537.0,84169.0,25.0,20.0,50.0
1064.0,39,86818.0,75950.5,88394.0,95676.0,25.0,20.0,50.0
1064.0,39,86134.0,78593.5,84924.0,74343.5,25.0,20.0,50.0
1064.0,39,83034.0,79130.0,97107.0,79452.0,25.0,20.0,50.0
1064.0,39,81653.0,75385.0,96729.5,78051.5,25.0,20.0,50.0
1064.0,39,80695.5,79014.0,93936.0,79984.5,25.0,20.0,50.0
1064.0,39,84272.5,76275.5,91846.0,70732.0,25.0,20.0,50.0
1064.0,39,79534.0,76827.0,88749.0,71267.0,25.0,20.0,50.0
1064.0,39,78265.0,76602.0,82047.0,70787.0,25.0,20.0,50.0
1064.0,39,90366.0,76284.5,101226.0,81663.5,25.0,20.0,50.0
1064.0,39,76381.0,76756.0,88965.5,80025.0,25.0,20.0,50.0
1064.0,39,84774.0,75743.0,93724.5,81417.5,25.0,20.0,50.0
1064.0,39,85731.5,77207.0,91057.0,79697.5,25.0,20.0,50.0
1064.0,39,94001.5,78263.0,89692.0,79680.0,25.0,20.0,50.0
1064.0,39,120384.0,76891.0,93024.0,79936.5,25.0,20.0,50.0
1064.0,39,85750.5,76981.0,87782.0,84690.0,25.0,20.0,50.0
1064.0,39,80877.0,77816.0,91710.0,77232.5,25.0,20.0,50.0
1006.0,69,115302.0,120828.0,100533.5,107086.5,25.0,20.0,50.0
1006.0,69,112357.0,116885.5,100369.0,102231.5,25.0,20.0,50.0
1006.0,69,118626.0,115264.0,100324.0,102331.0,25.0,20.0,50.0
1006.0,69,120218.5,113680.5,101005.5,109127.0,25.0,20.0,50.0
1006.0,69,114434.0,115635.0,98412.5,111226.0,25.0,20.0,50.0
1006.0,69,114865.0,117554.77997527813,100549.0,100585.5,25.0,20.0,50.0
1006.0,69,120347.5,117554.77997527813,100540.5,102779.5,25.0,20.0,50.0
1006.0,69,114708.0,117554.77997527813,102216.0,106105.5,25.0,20.0,50.0
1006.0,69,119791.0,118619.0,101269.0,104507.5,25.0,20.0,50.0
1006.0,69,113644.0,114098.0,100431.0,123013.0,25.0,20.0,50.0
1006.0,69,111570.0,114420.0,101222.0,106408.0,25.0,20.0,50.0
1006.0,69,115808.51827040195,117166.5,101666.0,113453.5,25.0,20.0,50.0
1006.0,69,113331.5,115431.0,98646.0,100505.5,25.0,20.0,50.0
1006.0,69,117522.0,126478.0,99972.0,105592.5,25.0,20.0,50.0
1006.0,69,114273.0,118675.5,100786.5,105333.0,25.0,20.0,50.0
1006.0,69,115808.51827040195,117941.0,101270.5,117863.5,25.0,20.0,50.0
1006.0,69,117139.0,116312.0,101063.5,102214.0,25.0,20.0,50.0
1006.0,69,114802.0,121706.0,101049.5,111853.0,25.0,20.0,50.0
1028.0,69,99210.5,99756.0,107387.5,110855.5,25.0,20.0,50.0
1028.0,69,102566.0,100987.0,115884.5,106848.0,25.0,20.0,50.0
1028.0,69,101547.0,102898.0,112120.0,103336.5,25.0,20.0,50.0
1028.0,69,97173.0,100946.0,112615.0,114309.0,25.0,20.0,50.0
1028.0,69,104416.0,111851.5,104198.5,102648.5,25.0,20.0,50.0
1028.0,69,101158.0,100496.0,102963.5,102428.0,25.0,20.0,50.0
1028.0,69,100953.0,100902.0,100079.0,104072.5,25.0,20.0,50.0
1028.0,69,100941.0,100612.0,100467.5,105400.0,25.0,20.0,50.0
1028.0,69,99038.5,100104.0,103364.5,102472.0,25.0,20.0,50.0
1028.0,69,108832.0,102436.0,131327.5,100752.0,25.0,20.0,50.0
1028.0,69,107177.0,100762.5,102264.0,102244.0,25.0,20.0,50.0
1028.0,69,101574.0,99919.5,108913.0,100677.5,25.0,20.0,50.0
1028.0,69,106518.5,100834.5,108478.0,107408.5,25.0,20.0,50.0
1028.0,69,100920.0,100760.5,110886.5,100197.0,25.0,20.0,50.0
1028.0,69,101902.0,101785.0,112074.5,102807.5,25.0,20.0,50.0
1028.0,69,100655.0,100785.0,102023.0,115795.0,25.0,20.0,50.0
1028.0,69,96942.5,100098.0,108658.00975359343,104053.0,25.0,20.0,50.0
1028.0,69,103049.0,101426.0,98462.0,104047.5,25.0,20.0,50.0
1028.0,69,102073.88883196721,102457.5,128669.5,100817.0,25.0,20.0,50.0
1028.0,69,100900.5,100837.0,109207.0,101292.0,25.0,20.0,50.0
1069.0,69,99094.5,101531.0,100929.0,101701.5,25.0,20.0,50.0
1069.0,69,99268.0,102114.0,104339.0,111307.5,25.0,20.0,50.0
1069.0,69,117359.0,102697.0,103374.0,110154.0,25.0,20.0,50.0
1069.0,69,102406.0,102305.0,106109.0,106162.5,25.0,20.0,50.0
1069.0,69,102898.0,102633.0,121043.5,94575.0,25.0,20.0,50.0
1069.0,69,103122.0,102152.0,119779.5,94643.0,25.0,20.0,50.0
1069.0,69,111051.0,102473.0,106760.5,105595.0,25.0,20.0,50.0
1069.0,69,102223.0,106174.5,105222.0,102547.5,25.0,20.0,50.0
1069.0,69,104567.0,102660.5,103184.0,94558.0,25.0,20.0,50.0
1069.0,69,101792.0,102757.0,111124.0,110096.0,25.0,20.0,50.0
1069.0,69,102772.0,102401.0,106004.0,109482.0,25.0,20.0,50.0
1069.0,69,107505.5,102332.5,109503.5,120441.0,25.0,20.0,50.0
1069.0,69,103015.0,103634.5,105048.5,110354.0,25.0,20.0,50.0
1069.0,69,102090.0,102631.0,113871.0,99092.0,25.0,20.0,50.0
1069.0,69,98199.0,102752.0,96475.0,112866.0,25.0,20.0,50.0
1069.0,69,103632.0,103994.5,134483.0,102413.0,25.0,20.0,50.0
1069.0,69,104497.0,104097.5,112700.0,111664.0,25.0,20.0,50.0
1069.0,69,101880.0,103210.5,100370.5,103984.5,25.0,20.0,50.0
1069.0,69,106873.0,105299.5,121715.5,111693.0,25.0,20.0,50.0
1069.0,69,114909.5,105663.5,111591.0,100788.5,25.0,20.0,50.0
997.0,70,72344.5,72790.5,77777.0,73397.0,25.0,20.0,50.0
997.0,70,74651.0,71861.0,80312.0,81462.0,25.0,20.0,50.0
997.0,70,68886.5,69243.0,73433.0,73537.0,25.0,20.0,50.0
997.0,70,72369.0,68813.0,75751.0,72738.5,25.0,20.0,50.0
997.0,70,68883.0,69946.0,84541.5,73446.5,25.0,20.0,50.0
997.0,70,68997.0,69504.0,83623.0,74469.0,25.0,20.0,50.0
997.0,70,70567.0,70611.0,78754.0,82115.0,25.0,20.0,50.0
997.0,70,75574.0,69687.0,81351.0,69376.5,25.0,20.0,50.0
997.0,70,70761.0,72685.0,81519.0,73924.0,25.0,20.0,50.0
997.0,70,75399.0,69465.0,79558.0,73119.5,25.0,20.0,50.0
997.0,70,71658.5,70174.0,85934.5,77764.0,25.0,20.0,50.0
997.0,70,69723.0,69211.0,77018.0,72325.0,25.0,20.0,50.0
997.0,70,79428.0,70141.0,67912.0,82187.0,25.0,20.0,50.0
997.0,70,80319.5,69830.0,81981.0,82292.0,25.0,20.0,50.0
997.0,70,69794.0,70070.5,77752.0,77497.0,25.0,20.0,50.0
997.0,70,77328.0,70207.0,74132.0,75415.0,25.0,20.0,50.0
997.0,70,69802.5,69456.0,82347.0,76504.5,25.0,20.0,50.0
997.0,70,75121.5,70556.5,81408.0,74810.0,25.0,20.0,50.0
997.0,70,72736.0,72056.0,78161.0,73240.5,25.0,20.0,50.0
997.0,70,73048.2094017094,70181.0,81030.5,81568.0,25.0,20.0,50.0
1018.0,70,76930.5,69484.0,88925.0,79215.0,25.0,20.0,50.0
1018.0,70,81759.0,70346.0,84871.0,74794.5,25.0,20.0,50.0
1018.0,70,76218.5,72082.0,81941.0,73128.5,25.0,20.0,50.0
1018.0,70,79401.0,70207.5,79326.0,91093.0,25.0,20.0,50.0
1018.0,70,81676.0,70909.0,80758.0,72725.5,25.0,20.0,50.0
1018.0,70,70835.0,72741.0,78083.0,73783.5,25.0,20.0,50.0
1018.0,70,70989.0,70289.0,90481.0,65301.0,25.0,20.0,50.0
1018.0,70,70314.0,70640.0,83854.0,78869.5,25.0,20.0,50.0
1018.0,70,73838.0,82190.0,85636.0,71634.0,25.0,20.0,50.0
1018.0,70,72993.0,70556.0,68333.0,79710.0,25.0,20.0,50.0
1018.0,70,84447.5,70818.0,81576.0,72290.5,25.0,20.0,50.0
1018.0,70,74976.0,74847.0,79341.0,70458.5,25.0,20.0,50.0
1018.0,70,74185.0,69810.0,72713.0,79596.0,25.0,20.0,50.0
1018.0,70,75818.0,70962.0,87766.5,75328.5,25.0,20.0,50.0
1018.0,70,78728.0,71375.0,84635.5,65027.0,25.0,20.0,50.0
1018.0,70,69874.0,71702.5,84560.5,69705.5,25.0,20.0,50.0
1018.0,70,74561.5,69721.0,88133.0,78413.0,25.0,20.0,50.0
1018.0,70,71211.0,70114.5,84420.0,72513.5,25.0,20.0,50.0
1018.0,70,73364.0,71706.5,75219.0,72316.0,25.0,20.0,50.0
1018.0,70,80186.5,69743.0,72035.0,84197.0,25.0,20.0,50.0
1031.0,70,68832.0,69356.0,78503.5,71615.0,25.0,20.0,50.0
1031.0,70,75484.0,70143.0,88964.0,75202.5,25.0,20.0,50.0
1031.0,70,74212.0,69833.0,86581.0,74302.0,25.0,20.0,50.0
1031.0,70,96006.0,70065.0,80447.0,73577.5,25.0,20.0,50.0
1031.0,70,69163.0,69268.0,75316.0,74948.0,25.0,20.0,50.0
1031.0,70,73892.0,69576.0,85922.0,64858.99999999999,25.0,20.0,50.0
1031.0,70,70645.5,70911.0,82086.0,82029.5,25.0,20.0,50.0
1031.0,70,72452.5,70665.5,81150.0,73758.5,25.0,20.0,50.0
1031.0,70,74278.0,70062.0,68755.0,72915.5,25.0,20.0,50.0
1031.0,70,75041.0,69141.0,77908.0,76213.0,25.0,20.0,50.0
1031.0,70,75656.0,69706.5,74662.0,64950.99999999999,25.0,20.0,50.0
1031.0,70,74821.0,69574.0,84341.5,71485.5,25.0,20.0,50.0
1031.0,70,69530.5,69302.0,78886.5,70830.5,25.0,20.0,50.0
1031.0,70,74399.5,69859.0,80758.5,81806.0,25.0,20.0,50.0
1031.0,70,86144.0,69935.5,69703.5,76056.5,25.0,20.0,50.0
1031.0,70,69948.0,69966.0,84638.0,64995.00000000001,25.0,20.0,50.0
1031.0,70,69398.0,69747.0,81060.5,77802.5,25.0,20.0,50.0
1031.0,70,69255.0,70393.0,71820.0,74139.0,25.0,20.0,50.0
1031.0,70,73599.0,69736.5,84926.5,71806.0,25.0,20.0,50.0
1031.0,70,69775.0,70813.0,80127.5,74666.5,25.0,20.0,50.0
1058.0,70,73958.5,73922.0,86327.0,76563.5,25.0,20.0,50.0
1058.0,70,71391.0,70432.0,84914.0,65119.0,25.0,20.0,50.0
1058.0,70,71425.34747145188,70825.0,97953.5,100198.0,25.0,20.0,50.0
1058.0,70,70893.0,70465.0,88872.0,80932.0,25.0,20.0,50.0
1058.0,70,70448.0,70029.0,94862.0,74320.5,25.0,20.0,50.0
1058.0,70,70819.0,70711.5,81044.0,88295.0,25.0,20.0,50.0
1058.0,70,70460.5,70207.0,86180.0,78306.5,25.0,20.0,50.0
1058.0,70,70478.0,69803.5,94112.0,80237.5,25.0,20.0,50.0
1058.0,70,70430.0,70550.0,98393.0,84834.0,25.0,20.0,50.0
1058.0,70,73880.0,70370.0,85203.0,75022.0,25.0,20.0,50.0
1058.0,70,71038.0,70705.0,90206.0,78058.0,25.0,20.0,50.0
1058.0,70,72237.5,70750.0,90467.0,83823.0,25.0,20.0,50.0
1058.0,70,70199.0,70298.5,98039.5,74313.5,25.0,20.0,50.0
1058.0,70,70896.5,70423.0,80081.5,65881.0,25.0,20.0,50.0
1058.0,70,70609.0,70206.0,92146.0,75734.0,25.0,20.0,50.0
1058.0,70,71595.0,70833.0,90581.0,73920.0,25.0,20.0,50.0
1058.0,70,70859.0,70813.0,92564.5,73215.0,25.0,20.0,50.0
1058.0,70,73259.0,72401.5,78268.0,76485.0,25.0,20.0,50.0
1058.0,70,71892.0,71637.0,77326.0,79881.0,25.0,20.0,50.0
1060.0,70,71587.5,72004.0,83077.0,64513.99999999999,25.0,20.0,50.0
1060.0,70,76665.50177619893,70336.5,82230.0,74335.5,25.0,20.0,50.0
1060.0,70,98750.0,70660.0,88109.5,82328.0,25.0,20.0,50.0
1060.0,70,80073.0,70314.0,94117.0,81344.0,25.0,20.0,50.0
1060.0,70,72542.0,69963.5,97027.0,84012.5,25.0,20.0,50.0
1060.0,70,70887.0,71001.0,79909.0,77782.0,25.0,20.0,50.0
1060.0,70,69887.0,70598.5,86986.0,72372.0,25.0,20.0,50.0
1060.0,70,70276.0,69725.0,81311.0,70950.5,25.0,20.0,50.0
1060.0,70,71889.0,73779.0,91362.0,90533.0,25.0,20.0,50.0
1060.0,70,70691.0,70714.0,91138.0,71865.5,25.0,20.0,50.0
1060.0,70,76665.50177619893,70718.5,80632.0,80694.0,25.0,20.0,50.0
1060.0,70,71516.5,71212.0,88143.0,72353.5,25.0,20.0,50.0
1060.0,70,69788.0,72309.0,85599.0,84735.0,25.0,20.0,50.0
1060.0,70,77742.0,70895.5,78219.0,84073.0,25.0,20.0,50.0
1060.0,70,76665.50177619893,69997.5,106579.0,65155.0,25.0,20.0,50.0
1060.0,70,70378.0,70579.5,97994.5,65245.99999999999,25.0,20.0,50.0
1060.0,70,70897.0,72196.5,98976.0,72818.0,25.0,20.0,50.0
1060.0,70,95778.0,72085.0,73699.0,75014.0,25.0,20.0,50.0
1060.0,70,95179.0,71486.5,71530.0,71911.5,25.0,20.0,50.0
1004.0,71,103479.5,99978.5,93919.0,94752.5,25.0,20.0,50.0
1004.0,71,105715.52024291498,101513.0,101734.0,113952.0,25.0,20.0,50.0
1004.0,71,108413.0,102167.0,105991.5,96174.5,25.0,20.0,50.0
1004.0,71,104187.0,101431.0,110022.5,100361.0,25.0,20.0,50.0
1004.0,71,102305.0,102682.0,112329.0,108122.0,25.0,20.0,50.0
1004.0,71,102864.0,101375.0,106674.0,105644.5,25.0,20.0,50.0
1004.0,71,105715.52024291498,101903.5,119119.5,94315.0,25.0,20.0,50.0
1004.0,71,106189.0,100544.0,98477.0,107471.0,25.0,20.0,50.0
1004.0,71,106190.0,101110.0,116495.0,93948.0,25.0,20.0,50.0
1004.0,71,104562.0,103267.0,106711.5,99428.0,25.0,20.0,50.0
1004.0,71,105715.52024291498,101738.0,96523.0,95031.0,25.0,20.0,50.0
1004.0,71,102210.0,100120.0,110184.0,93314.0,25.0,20.0,50.0
1004.0,71,105715.52024291498,102434.5,109691.5,110001.0,25.0,20.0,50.0
1004.0,71,109118.5,103577.0,122122.0,96098.0,25.0,20.0,50.0
1004.0,71,102699.5,101723.0,96618.5,94401.0,25.0,20.0,50.0
1004.0,71,118141.5,105273.0,116856.0,111164.0,25.0,20.0,50.0
1004.0,71,99542.0,101730.0,98316.0,96819.0,25.0,20.0,50.0
1004.0,71,101596.0,101211.5,99353.0,100583.5,25.0,20.0,50.0
1004.0,71,106636.5,102443.0,113489.5,94368.5,25.0,20.0,50.0
1004.0,71,103896.0,102579.5,114924.0,118364.0,25.0,20.0,50.0
1025.0,71,104229.0,106098.0,110803.5,98069.5,25.0,20.0,50.0
1025.0,71,114107.0,101979.0,109640.0,104167.0,25.0,20.0,50.0
1025.0,71,110979.0,103582.0,112765.0,119631.0,25.0,20.0,50.0
1025.0,71,106167.0,103141.0,112942.0,101765.0,25.0,20.0,50.0
1025.0,71,105838.0,101071.5,110374.0,104856.0,25.0,20.0,50.0
1025.0,71,100560.5,100614.0,122096.5,95013.0,25.0,20.0,50.0
1025.0,71,110173.0,100994.0,115727.0,94565.0,25.0,20.0,50.0
1025.0,71,101234.0,100538.0,120950.5,104033.5,25.0,20.0,50.0
1025.0,71,103474.0,101241.0,117225.5,101905.0,25.0,20.0,50.0
1025.0,71,113157.0,102746.5,96081.0,101781.67532467532,25.0,20.0,50.0
1025.0,71,109483.0,104742.0,117219.0,93230.0,25.0,20.0,50.0
1025.0,71,105159.0,104098.0,114674.0,95679.0,25.0,20.0,50.0
1025.0,71,102259.5,101124.0,110079.0,101318.0,25.0,20.0,50.0
1025.0,71,118850.0,101414.5,117287.0,95442.0,25.0,20.0,50.0
1025.0,71,99963.5,103759.0,114236.0,102872.5,25.0,20.0,50.0
1025.0,71,99692.0,99974.0,120750.0,109532.0,25.0,20.0,50.0
1025.0,71,104257.0,101079.0,104946.0,94711.0,25.0,20.0,50.0
1025.0,71,105476.0,101734.0,112499.0,110481.0,25.0,20.0,50.0
1025.0,71,106216.5,109192.0,100620.5,113529.5,25.0,20.0,50.0
1040.0,71,101448.5,100145.0,95248.5,93624.0,25.0,20.0,50.0
1040.0,71,111088.0,101595.5,104531.0,118141.0,25.0,20.0,50.0
1040.0,71,101426.0,100973.0,105837.0,106779.5,25.0,20.0,50.0
1040.0,71,105737.0,102964.0,117625.5,105660.5,25.0,20.0,50.0
1040.0,71,100315.0,100731.0,96359.0,93704.0,25.0,20.0,50.0
1040.0,71,106512.0,100651.0,116643.0,94344.0,25.0,20.0,50.0
1040.0,71,115042.5,100080.0,123767.5,93056.0,25.0,20.0,50.0
1040.0,71,102762.0,102054.0,97194.0,111844.0,25.0,20.0,50.0
1040.0,71,103068.0,101048.5,120143.0,94699.5,25.0,20.0,50.0
1040.0,71,104765.0,100687.0,116940.0,94787.5,25.0,20.0,50.0
1040.0,71,101558.0,101757.0,121203.0,95240.0,25.0,20.0,50.0
1040.0,71,118385.0,101691.0,108367.5,106940.5,25.0,20.0,50.0
1040.0,71,101797.0,100759.0,103308.0,94371.0,25.0,20.0,50.0
1040.0,71,105155.0,101978.0,106776.5,104707.0,25.0,20.0,50.0
1040.0,71,103346.5,103384.0,110002.0,100227.5,25.0,20.0,50.0
1040.0,71,102677.5,102109.5,112753.0,102251.0,25.0,20.0,50.0
1040.0,71,114737.0,101213.5,96269.0,94150.0,25.0,20.0,50.0
1040.0,71,98779.0,102248.0,96525.0,126624.0,25.0,20.0,50.0
992.0,73,114004.5,110961.0,109391.0,112116.0,25.0,20.0,50.0
992.0,73,113197.0,110278.0,110582.0,112302.5,25.0,20.0,50.0
992.0,73,114973.0,108275.0,118133.0,117475.0,25.0,20.0,50.0
992.0,73,118223.5,107797.0,123251.0,116760.0,25.0,20.0,50.0
992.0,73,108952.0,109467.5,120005.0,116091.54630788486,25.0,20.0,50.0
992.0,73,109744.5,108770.0,109520.0,104694.0,25.0,20.0,50.0
992.0,73,121816.5,109039.5,116670.5,121158.5,25.0,20.0,50.0
992.0,73,107771.0,107141.0,108496.0,108979.0,25.0,20.0,50.0
992.0,73,109619.0,112705.0,112421.0,114952.0,25.0,20.0,50.0
992.0,73,109256.0,110237.0,111064.0,121913.0,25.0,20.0,50.0
992.0,73,113447.0,112688.5,121396.0,130190.0,25.0,20.0,50.0
992.0,73,108012.0,107655.0,107989.0,110930.0,25.0,20.0,50.0
992.0,73,112025.0,108955.0,112174.5,105844.0,25.0,20.0,50.0
992.0,73,117308.0,109261.5,117568.0,119410.0,25.0,20.0,50.0
992.0,73,108928.0,113536.0,116929.0,115030.0,25.0,20.0,50.0
992.0,73,116243.0,109636.0,111396.0,115721.0,25.0,20.0,50.0
992.0,73,111552.0,110051.0,118763.0,120998.5,25.0,20.0,50.0
992.0,73,117714.5,108241.0,113032.0,112965.0,25.0,20.0,50.0
1013.0,73,109568.0,108507.0,115949.0,111262.0,25.0,20.0,50.0
1013.0,73,109568.0,109736.5,118629.5,112466.0,25.0,20.0,50.0
1013.0,73,109568.0,115763.0,118080.0,125663.0,25.0,20.0,50.0
1013.0,73,110793.0,110006.0,113316.5,110743.5,25.0,20.0,50.0
1013.0,73,109568.0,111676.0,121398.0,105449.0,25.0,20.0,50.0
1013.0,73,109568.0,111450.0,108052.0,121443.0,25.0,20.0,50.0
1013.0,73,109568.0,109796.5,112946.0,102788.0,25.0,20.0,50.0
1013.0,73,109568.0,112684.5,108284.0,107115.5,25.0,20.0,50.0
1013.0,73,109568.0,109622.5,116693.0,102430.0,25.0,20.0,50.0
1013.0,73,109568.0,110949.5,105979.0,121994.5,25.0,20.0,50.0
1013.0,73,109568.0,112518.5,113106.0,115962.0,25.0,20.0,50.0
1013.0,73,109568.0,109066.0,118881.0,111541.5,25.0,20.0,50.0
1013.0,73,109568.0,112140.0,115613.0,118064.0,25.0,20.0,50.0
1013.0,73,109568.0,114973.5,112164.5,104668.0,25.0,20.0,50.0
1013.0,73,109568.0,110588.0,116979.0,113322.0,25.0,20.0,50.0
1013.0,73,109568.0,109070.5,108526.0,117175.5,25.0,20.0,50.0
1013.0,73,108343.0,110320.0,118003.0,110175.0,25.0,20.0,50.0
1013.0,73,109568.0,113871.0,110365.0,120020.0,25.0,20.0,50.0
1013.0,73,109568.0,111165.5473273942,112767.0,117138.0,25.0,20.0,50.0
1013.0,73,109568.0,110199.0,116426.0,117279.0,25.0,20.0,50.0
1057.0,73,112319.0,107699.0,111019.0,114399.5,25.0,20.0,50.0
1057.0,73,115861.0,108603.5,114567.0,111179.0,25.0,20.0,50.0
1057.0,73,123783.5,108758.0,131502.5,118525.5,25.0,20.0,50.0
1057.0,73,114088.0,120345.0,123458.5,103028.0,25.0,20.0,50.0
1057.0,73,114363.0,106984.0,119572.0,105115.0,25.0,20.0,50.0
1057.0,73,112707.0,109300.0,115816.5,119495.0,25.0,20.0,50.0
1057.0,73,110431.0,116957.0,120887.0,116411.0,25.0,20.0,50.0
1057.0,73,119191.0,111807.0,112562.0,102119.0,25.0,20.0,50.0
1057.0,73,109974.0,109324.0,128556.99999999999,102255.0,25.0,20.0,50.0
1057.0,73,109877.0,108622.0,127136.5,102471.0,25.0,20.0,50.0
1057.0,73,117612.5,108200.0,113581.0,109208.35365853658,25.0,20.0,50.0
1057.0,73,121778.0,109311.0,125081.0,109208.35365853658,25.0,20.0,50.0
1057.0,73,124188.5,108528.5,104596.0,102811.0,25.0,20.0,50.0
1057.0,73,110251.5,109860.0,131079.0,105618.0,25.0,20.0,50.0
1057.0,73,110287.0,108315.0,111528.0,117533.0,25.0,20.0,50.0
1057.0,73,113521.5,110234.0,124090.0,104180.0,25.0,20.0,50.0
1057.0,73,113036.0,135271.0,138871.0,121547.5,25.0,20.0,50.0
1057.0,73,117341.0,114495.0,115133.0,102877.0,25.0,20.0,50.0
1057.0,73,113104.0,110076.5,118926.0,104281.0,25.0,20.0,50.0
1057.0,73,114317.5,110082.0,123120.5,104434.0,25.0,20.0,50.0
1042.0,75,83449.5,82870.5,80863.0,83987.0,25.0,20.0,50.0
1042.0,75,86965.0,83368.0,89354.0,83800.0,25.0,20.0,50.0
1042.0,75,83201.0,84538.0,84686.0,92423.0,25.0,20.0,50.0
1042.0,75,84450.0,84206.0,78988.0,84998.0,25.0,20.0,50.0
1042.0,75,83283.0,82743.5,83345.0,81692.0,25.0,20.0,50.0
1042.0,75,83681.5,83148.0,85291.0,95596.0,25.0,20.0,50.0
1042.0,75,85057.5,82053.0,83057.5,77604.0,25.0,20.0,50.0
1042.0,75,83748.0,84052.0,85338.0,86984.5,25.0,20.0,50.0
1042.0,75,84212.0,83219.0,80139.5,84281.0,25.0,20.0,50.0
1042.0,75,84474.0,82641.0,84498.0,87376.0,25.0,20.0,50.0
1042.0,75,85081.5,83425.0,83264.0,86825.0,25.0,20.0,50.0
1042.0,75,84956.0,83690.0,85417.0,86347.0,25.0,20.0,50.0
1042.0,75,84770.0,83221.0,85540.0,84244.0,25.0,20.0,50.0
1042.0,75,92135.0,83856.0,92712.0,84231.0,25.0,20.0,50.0
1042.0,75,83886.0,83184.0,80821.0,81914.5,25.0,20.0,50.0
1042.0,75,83194.0,84284.0,84505.5,91072.0,25.0,20.0,50.0
1042.0,75,83031.0,83214.0,87104.5,83459.0,25.0,20.0,50.0
1042.0,75,85562.0,84251.5,98671.5,95032.0,25.0,20.0,50.0
1042.0,75,87239.5,83849.0,90174.0,85780.0,25.0,20.0,50.0
1042.0,75,88459.5,85689.0,97176.0,96217.0,25.0,20.0,50.0
1054.0,75,83798.0,84410.0,90948.0,88032.0,25.0,20.0,50.0
1054.0,75,82969.0,85135.0,90430.0,94906.5,25.0,20.0,50.0
1054.0,75,84811.0,84785.0,93762.5,80186.0,25.0,20.0,50.0
1054.0,75,88730.5,83643.0,95412.0,92578.5,25.0,20.0,50.0
1054.0,75,86018.0,85475.5,92322.5,91127.0,25.0,20.0,50.0
1054.0,75,83454.0,83805.0,90725.0,83467.5,25.0,20.0,50.0
1054.0,75,87554.0,83354.0,94150.0,85435.5,25.0,20.0,50.0
1054.0,75,84611.0,87166.0,97817.0,92600.0,25.0,20.0,50.0
1054.0,75,83849.0,84862.5,94817.5,80103.0,25.0,20.0,50.0
1054.0,75,84485.0,87515.5,96295.5,88393.5,25.0,20.0,50.0
1054.0,75,85399.84223918575,85891.0,89646.5,94797.0,25.0,20.0,50.0
1054.0,75,84785.0,84864.0,90216.0,92830.0,25.0,20.0,50.0
1054.0,75,84112.0,87785.5,94447.0,93148.0,25.0,20.0,50.0
1054.0,75,85992.0,87041.0,97138.0,88613.0,25.0,20.0,50.0
1054.0,75,85481.0,85071.0,94474.0,90667.0,25.0,20.0,50.0
1054.0,75,88711.0,85955.5,105333.5,107693.0,25.0,20.0,50.0
1054.0,75,84105.0,86052.5,93058.0,91258.0,25.0,20.0,50.0
1054.0,75,88247.0,88243.0,97180.0,87493.0,25.0,20.0,50.0
1054.0,75,85580.0,86800.0,90144.0,90850.0,25.0,20.0,50.0
1039.0,76,87350.0,87977.5,99369.0,99063.0,25.0,20.0,50.0
1039.0,76,100680.0,84297.5,106292.0,92403.0,25.0,20.0,50.0
1039.0,76,84594.0,85332.0,113209.5,77343.0,25.0,20.0,50.0
1039.0,76,85041.0,97376.5,96118.0,92050.5,25.0,20.0,50.0
1039.0,76,85002.0,83874.5,114358.0,95542.5,25.0,20.0,50.0
1039.0,76,85422.0,83744.5,105602.0,112249.0,25.0,20.0,50.0
1039.0,76,82825.5,83307.5,117962.0,127974.0,25.0,20.0,50.0
1039.0,76,85291.0,84041.5,106102.0,110068.0,25.0,20.0,50.0
1039.0,76,84909.0,84119.0,109723.5,119886.0,25.0,20.0,50.0
1039.0,76,84572.0,86787.5,108574.0,77739.0,25.0,20.0,50.0
1039.0,76,89029.5,112938.5,95147.5,94987.5,25.0,20.0,50.0
1039.0,76,84729.0,84735.0,106984.76008344923,92922.5,25.0,20.0,50.0
1039.0,76,88329.0,92316.0,111916.5,77018.0,25.0,20.0,50.0
1072.0,77,94459.0,93973.0,101850.0,107711.5,25.0,20.0,50.0
1072.0,77,94992.0,95534.0,108767.5,106308.5,25.0,20.0,50.0
1072.0,77,108504.0,105093.5,99023.0,89919.0,25.0,20.0,50.0
1072.0,77,95806.0,95938.5,114823.0,99085.0,25.0,20.0,50.0
1072.0,77,110614.0,107795.5,126288.5,107246.0,25.0,20.0,50.0
1072.0,77,106856.0,95604.0,102413.5,107572.5,25.0,20.0,50.0
1072.0,77,101155.0,100698.0,111497.0,111081.5,25.0,20.0,50.0
1072.0,77,100735.5,95023.0,112714.5,103073.0,25.0,20.0,50.0
1072.0,77,95845.0,94939.0,90613.0,117138.5,25.0,20.0,50.0
1072.0,77,96647.0,94736.5,113222.0,104002.0,25.0,20.0,50.0
1072.0,77,109828.0,95810.0,91229.0,107707.0,25.0,20.0,50.0
1072.0,77,99291.0,95022.0,101121.5,89583.0,25.0,20.0,50.0
1072.0,77,95983.5,110635.0,123096.0,96053.5,25.0,20.0,50.0
1072.0,77,95976.0,94554.0,110900.0,106601.0,25.0,20.0,50.0
1072.0,77,98888.5,95760.5,114528.0,101103.0,25.0,20.0,50.0
1072.0,77,96047.0,95131.5,107273.0,106768.0,25.0,20.0,50.0
1072.0,77,97405.0,96512.0,118612.0,115649.0,25.0,20.0,50.0
1072.0,77,96265.0,96365.0,105765.0,107170.0,25.0,20.0,50.0
1072.0,77,102590.0,96769.0,123024.0,104461.0,25.0,20.0,50.0
1072.0,77,95931.5,96195.0,98325.0,96579.0,25.0,20.0,50.0
1051.0,78,106168.0,91766.0,83551.0,84117.0,25.0,20.0,50.0
1051.0,78,88805.0,89375.0,119794.5,87351.0,25.0,20.0,50.0
1051.0,78,108361.5,91081.0,116184.0,98761.5,25.0,20.0,50.0
1051.0,78,115834.0,89409.0,118300.0,114521.0,25.0,20.0,50.0
1051.0,78,101151.0,91454.0,84594.0,100897.5,25.0,20.0,50.0
1051.0,78,104251.0,90135.5,125961.0,107265.0,25.0,20.0,50.0
1051.0,78,91645.5,88303.0,117863.0,82980.0,25.0,20.0,50.0
1051.0,78,91225.0,88538.0,106083.0,121490.0,25.0,20.0,50.0
1051.0,78,105704.0,90191.0,111080.0,112214.0,25.0,20.0,50.0
1051.0,78,114001.0,89182.5,122324.0,82797.5,25.0,20.0,50.0
1051.0,78,107188.0,90551.0,109730.0,115988.0,25.0,20.0,50.0
1051.0,78,91492.0,90064.0,124750.0,102570.0,25.0,20.0,50.0
1051.0,78,90503.5,90727.0,113801.0,120519.0,25.0,20.0,50.0
1051.0,78,115952.0,107027.5,114285.0,124675.0,25.0,20.0,50.0
1051.0,78,112656.0,94729.0,113897.0,82975.0,25.0,20.0,50.0
1051.0,78,90389.5,90071.5,125587.0,93464.5,25.0,20.0,50.0
1051.0,78,91794.5,90614.0,117956.0,101011.0,25.0,20.0,50.0
1051.0,78,92244.0,91706.0,127366.5,82922.0,25.0,20.0,50.0
1051.0,78,109033.5,91391.16887417219,114375.0449385052,90390.0,25.0,20.0,50.0
1051.0,78,92842.0,90835.0,122236.0,100650.0,25.0,20.0,50.0
